resistance_ohm,frequency_Hz,I_P_PP,I_P_AMP,I_P_AVG,I_OUT_AMP,I_OUT_AVG,I_IN_AMP,I_IN_AVG,V_SW_FREQ,V_SW_AMP,V_OUT_AVG,V_OUT_PP,V_SEC_AMP
5.0,100000.0,6.3,6.3,-0.68,0.021,1.13743,0.131,0.3855,100000.0,24.0,5.68472,0.14,12.9
5.0,101000.0,6.3,6.3,-0.67,0.027,1.17775,0.138,0.4043,101000.0,24.0,5.87895,0.15,13.7
5.0,102000.0,6.3,6.3,-0.64,0.024,1.21314,0.138,0.4273,101800.0,24.0,6.07786,0.17,13.7
5.0,103000.0,6.9,6.9,-0.68,0.022,1.25223,0.138,0.4505,103100.0,24.0,6.26972,0.16,14.5
5.0,104000.0,6.9,6.9,-0.67,0.022,1.29387,0.138,0.4786,104000.0,24.0,6.49462,0.17,14.5
5.0,105000.0,6.9,6.9,-0.64,0.032,1.33924,0.138,0.504,104800.0,24.0,6.70177,0.16,15.3
5.0,106000.0,6.9,6.9,-0.65,0.031,1.3808,0.15,0.5356,106200.0,24.0,6.94001,0.18,15.3
5.0,107000.0,7.5,7.5,-0.66,0.035,1.43115,0.15,0.5672,107100.0,24.0,7.17917,0.15,16.1
5.0,108000.0,7.8,7.8,-0.69,0.022,1.47896,0.144,0.6034,108000.0,24.0,7.44851,0.16,16.9
5.0,109000.0,7.8,7.8,-0.67,0.031,1.52916,0.144,0.6425,108900.0,24.0,7.72103,0.17,16.9
5.0,110000.0,8.1,8.1,-0.66,0.034,1.58521,0.15,0.6855,109900.0,24.0,7.99268,0.16,17.7
5.0,111000.0,8.4,8.4,-0.66,0.024,1.6397,0.144,0.7281,110900.0,24.0,8.28692,0.16,18.5
5.0,112000.0,8.4,8.4,-0.67,0.036,1.69844,0.15,0.778,111900.0,24.0,8.58712,0.17,19.3
5.0,113000.0,8.8,8.8,-0.65,0.035,1.75846,0.156,0.8304,112900.0,23.0,8.90016,0.16,19.3
5.0,114000.0,9.1,9.1,-0.67,0.036,1.82312,0.156,0.883,113900.0,23.0,9.21585,0.16,20.1
5.0,115000.0,9.7,9.7,-0.68,0.035,1.88666,0.156,0.9429,114900.0,23.0,9.55077,0.18,20.9
5.0,116000.0,9.7,9.7,-0.67,0.037,1.95114,0.15,1.0066,116000.0,23.0,9.88596,0.15,21.7
5.0,117000.0,10.0,10.0,-0.67,0.037,2.01912,0.156,1.0725,117100.0,23.0,10.22573,0.17,22.5
5.0,118000.0,10.3,10.3,-0.7,0.039,2.08502,0.156,1.1407,118200.0,23.0,10.57208,0.16,23.3
5.0,119000.0,10.6,10.6,-0.68,0.041,2.14991,0.156,1.2101,119000.0,23.0,10.90092,0.18,23.7
5.0,120000.0,10.9,10.9,-0.67,0.039,2.21675,0.156,1.2804,119900.0,23.0,11.247,0.18,24.1
5.0,121000.0,11.3,11.3,-0.7,0.04,2.27621,0.156,1.3491,121100.0,23.0,11.56222,0.18,24.9
5.0,122000.0,11.3,11.3,-0.66,0.039,2.33427,0.15,1.4156,122000.0,23.0,11.87069,0.18,25.7
5.0,123000.0,11.9,11.9,-0.68,0.04,2.38756,0.15,1.4809,122900.0,23.0,12.14411,0.18,26.5
5.0,124000.0,11.9,11.9,-0.67,0.044,2.4388,0.156,1.5376,124100.0,23.0,12.39319,0.18,26.5
5.0,125000.0,11.6,11.6,-0.68,0.041,2.4802,0.15,1.589,125000.0,23.0,12.60593,0.18,27.3
5.0,126000.0,11.9,11.9,-0.69,0.04,2.51259,0.15,1.6303,125900.0,23.0,12.78008,0.18,27.3
5.0,127000.0,11.9,11.9,-0.68,0.041,2.53726,0.15,1.6621,127200.0,23.0,12.9122,0.18,28.1
5.0,128000.0,11.9,11.9,-0.68,0.039,2.55566,0.15,1.6816,127900.0,23.0,12.99133,0.18,28.1
5.0,129000.0,11.9,11.9,-0.68,0.039,2.56462,0.144,1.6922,129200.0,23.0,13.03259,0.18,28.1
5.0,129700.0,11.9,11.9,-0.68,0.037,2.56612,0.144,1.6921,129900.0,23.0,13.03663,0.18,28.1
5.0,130000.0,11.9,11.9,-0.69,0.036,2.56269,0.144,1.6894,129900.0,23.0,13.03969,0.18,28.1
5.0,131000.0,11.9,11.9,-0.67,0.039,2.5541,0.144,1.6779,131200.0,23.0,12.9938,0.18,28.1
5.0,132000.0,11.3,11.3,-0.65,0.035,2.54206,0.144,1.6593,132300.0,23.0,12.92336,0.15,28.1
5.0,133000.0,11.3,11.3,-0.67,0.035,2.52036,0.138,1.6322,133000.0,23.0,12.8194,0.16,28.1
5.0,134000.0,11.3,11.3,-0.66,0.039,2.48896,0.131,1.5935,134000.0,23.0,12.66287,0.17,27.3
5.0,135000.0,10.6,10.6,-0.69,0.036,2.45037,0.131,1.5475,135100.0,23.0,12.46258,0.18,27.3
5.0,136000.0,10.6,10.6,-0.68,0.039,2.40601,0.131,1.4892,135900.0,23.0,12.22492,0.18,26.5
5.0,137000.0,10.6,10.6,-0.67,0.032,2.35513,0.131,1.43,137000.0,23.0,11.95514,0.18,26.1
5.0,138000.0,10.0,10.0,-0.67,0.035,2.29933,0.119,1.3648,138100.0,23.0,11.672,0.16,25.7
5.0,139000.0,10.0,10.0,-0.66,0.034,2.24006,0.119,1.2992,138900.0,23.0,11.36946,0.16,24.9
5.0,139700.0,9.7,9.7,-0.68,0.034,2.20121,0.113,1.2546,139700.0,23.0,11.15586,0.17,24.1
5.0,140000.0,9.7,9.7,-0.67,0.032,2.18293,0.119,1.2347,140100.0,23.0,11.06433,0.16,24.1
5.0,141000.0,9.7,9.7,-0.66,0.034,2.12205,0.113,1.1733,141200.0,24.0,10.75722,0.16,23.3
5.0,142000.0,9.4,9.4,-0.67,0.034,2.06265,0.113,1.1083,142000.0,24.0,10.45492,0.14,22.9
5.0,143000.0,9.1,9.1,-0.67,0.032,2.00463,0.106,1.0505,142900.0,24.0,10.15279,0.16,22.5
5.0,144000.0,8.8,8.8,-0.65,0.019,1.94763,0.119,0.9951,144100.0,24.0,9.86293,0.14,21.7
5.0,145000.0,8.8,8.8,-0.64,0.017,1.89358,0.119,0.9426,144900.0,24.0,9.58291,0.15,20.9
5.0,146000.0,8.1,8.1,-0.66,0.019,1.84304,0.113,0.8951,146200.0,24.0,9.29795,0.14,20.5
5.0,147000.0,8.1,8.1,-0.65,0.019,1.79128,0.113,0.8484,147100.0,24.0,9.0296,0.15,20.1
5.0,148000.0,8.1,8.1,-0.68,0.01,1.73731,0.113,0.8054,147900.0,24.0,8.7812,0.14,19.3
5.0,149000.0,8.1,8.1,-0.64,0.019,1.69074,0.113,0.7651,148800.0,24.0,8.52753,0.14,18.9
5.0,150000.0,7.5,7.5,-0.66,0.019,1.64322,0.106,0.7294,149700.0,24.0,8.29362,0.15,18.5
5.0,151000.0,7.5,7.5,-0.65,0.01,1.60329,0.106,0.6946,151100.0,24.0,8.06448,0.16,17.7
5.0,152000.0,7.5,7.5,-0.66,0.019,1.56082,0.106,0.663,152000.0,24.0,7.85139,0.14,17.7
5.0,153000.0,7.2,7.2,-0.65,0.01,1.52048,0.1,0.6328,152900.0,24.0,7.64815,0.14,16.9
5.0,154000.0,6.9,6.9,-0.66,0.01,1.48177,0.1,0.604,154300.0,24.0,7.45188,0.17,16.9
5.0,155000.0,6.9,6.9,-0.65,0.019,1.44527,0.1,0.5776,155300.0,24.0,7.26446,0.14,16.1
5.0,156000.0,6.9,6.9,-0.64,0.01,1.40781,0.1,0.5545,156300.0,24.0,7.08793,0.14,16.1
5.0,157000.0,6.9,6.9,-0.62,0.019,1.37847,0.094,0.5322,157200.0,24.0,6.90342,0.16,15.3
5.0,158000.0,6.3,6.3,-0.65,0.01,1.34404,0.088,0.51,158200.0,24.0,6.74257,0.14,15.3
5.0,159000.0,6.3,6.3,-0.66,0.01,1.3147,0.088,0.4899,159200.0,24.0,6.57826,0.14,14.9
5.0,160000.0,6.3,6.3,-0.66,0.01,1.28509,0.088,0.4708,160300.0,24.0,6.44164,0.14,14.5
5.0,161000.0,6.3,6.3,-0.66,0.01,1.25664,0.088,0.4539,161300.0,24.0,6.28706,0.14,14.5
5.0,162000.0,6.3,6.3,-0.66,0.01,1.22917,0.081,0.438,162300.0,24.0,6.16117,0.14,14.1
5.0,163000.0,6.3,6.3,-0.63,0.01,1.20418,0.081,0.4223,162900.0,24.0,6.02068,0.14,13.7
5.0,164000.0,5.9,5.9,-0.65,0.01,1.17681,0.081,0.4083,163900.0,24.0,5.90169,0.14,13.7
5.0,165000.0,6.3,6.3,-0.67,0.01,1.15399,0.075,0.395,165000.0,24.0,5.77717,0.11,13.3
5.0,166000.0,5.9,5.9,-0.66,0.017,1.13344,0.075,0.3823,166100.0,24.0,5.65657,0.12,12.9
5.0,167000.0,5.6,5.6,-0.63,0.025,1.111,0.069,0.3697,166700.0,24.0,5.55261,0.11,12.9
5.0,168000.0,5.6,5.6,-0.67,0.01,1.09086,0.069,0.3562,167800.0,24.0,5.43797,0.14,12.5
5.0,169000.0,5.6,5.6,-0.66,0.01,1.07163,0.069,0.3477,168900.0,24.0,5.34504,0.12,12.1
5.0,170000.0,5.6,5.6,-0.66,0.01,1.05212,0.069,0.337,170100.0,24.0,5.23612,0.14,12.1
5.0,171000.0,5.6,5.6,-0.67,0.01,1.03199,0.063,0.3277,171200.0,24.0,5.14484,0.14,12.1
5.0,172000.0,5.6,5.6,-0.66,0.01,1.01408,0.063,0.3194,171800.0,24.0,5.05483,0.12,11.7
5.0,173000.0,5.3,5.3,-0.68,0.017,0.99527,0.056,0.3098,173000.0,24.0,4.96181,0.11,11.3
5.0,174000.0,5.3,5.3,-0.69,0.01,0.97912,0.056,0.3024,174200.0,24.0,4.87891,0.1,11.3
5.0,175000.0,5.3,5.3,-0.67,0.01,0.96514,0.05,0.2961,174800.0,24.0,4.79985,0.12,11.3
5.0,176000.0,5.0,5.0,-0.67,0.01,0.94878,0.05,0.2877,176100.0,24.0,4.71525,0.12,11.3
5.0,177000.0,5.0,5.0,-0.66,0.01,0.93204,0.05,0.2802,177300.0,24.0,4.63709,0.1,10.9
5.0,178000.0,5.0,5.0,-0.67,0.016,0.91702,0.056,0.2732,177900.0,24.0,4.56548,0.1,10.5
5.0,179000.0,5.0,5.0,-0.65,0.017,0.90409,0.056,0.2664,179200.0,24.0,4.49881,0.09,10.5
5.0,180000.0,5.0,5.0,-0.65,0.01,0.8913,0.056,0.2616,179900.0,24.0,4.42776,0.1,10.5
5.0,181000.0,4.7,4.7,-0.65,0.01,0.87939,0.05,0.255,181200.0,24.0,4.3603,0.11,10.5
5.0,182000.0,5.0,5.0,-0.68,0.015,0.86364,0.056,0.2497,181800.0,24.0,4.28667,0.11,10.5
5.0,183000.0,5.0,5.0,-0.65,0.01,0.85394,0.05,0.2455,183200.0,24.0,4.22859,0.1,10.1
5.0,184000.0,4.7,4.7,-0.67,0.01,0.8405,0.05,0.2397,183800.0,24.0,4.17124,0.1,9.6
5.0,185000.0,4.7,4.7,-0.68,0.01,0.83131,0.05,0.2359,185200.0,24.0,4.10587,0.1,9.6
5.0,186000.0,5.0,5.0,-0.67,0.016,0.82039,0.05,0.2316,185900.0,24.0,4.05485,0.1,10.7
5.0,187000.0,4.4,4.4,-0.68,0.01,0.80709,0.05,0.2257,187300.0,24.0,3.99973,0.1,10.7
5.0,188000.0,4.7,4.7,-0.65,0.016,0.79612,0.05,0.2224,188000.0,24.0,3.93816,0.12,10.7
5.0,189000.0,4.4,4.4,-0.66,0.01,0.78627,0.05,0.2194,189000.0,24.0,3.89007,0.1,10.5
5.0,190000.0,4.4,4.4,-0.67,0.01,0.77698,0.05,0.2159,190000.0,24.0,3.83663,0.11,10.5
5.0,191000.0,4.7,4.7,-0.67,0.016,0.76676,0.05,0.2105,191000.0,24.0,3.78859,0.13,10.5
5.0,192000.0,4.4,4.4,-0.66,0.01,0.7574,0.05,0.2073,192000.0,24.0,3.73269,0.14,10.5
5.0,193000.0,4.4,4.4,-0.67,0.01,0.74978,0.05,0.2028,193000.0,24.0,3.69897,0.14,10.5
5.0,194000.0,4.4,4.4,-0.68,0.01,0.74019,0.05,0.1995,194000.0,24.0,3.63959,0.14,10.1
5.0,195000.0,4.4,4.4,-0.67,0.01,0.7309,0.05,0.1969,195000.0,24.0,3.60745,0.14,10.1
5.0,196000.0,4.4,4.4,-0.66,0.01,0.72278,0.05,0.1943,196000.0,24.0,3.56145,0.14,10.1
5.0,197000.0,4.4,4.4,-0.68,0.016,0.71554,0.05,0.1913,197000.0,24.0,3.51464,0.14,9.6
5.0,198000.0,4.4,4.4,-0.68,0.016,0.70654,0.05,0.1871,198000.0,24.0,3.47789,0.12,10.1
5.0,199000.0,4.1,4.1,-0.69,0.016,0.7003,0.05,0.1868,199000.0,24.0,3.4431,0.14,9.6
5.0,200000.0,4.1,4.1,-0.68,0.01,0.69179,0.05,0.1831,200000.0,24.0,3.39599,0.13,9.2
5.0,201000.0,4.4,4.4,-0.66,0.017,0.68491,0.05,0.181,201000.0,24.0,3.36162,0.12,9.6
5.0,202000.0,3.8,3.8,-0.67,0.01,0.6777,0.044,0.1775,202000.0,24.0,3.33051,0.13,9.2
5.0,203000.0,4.1,4.1,-0.7,0.01,0.67039,0.05,0.1761,203000.0,24.0,3.29178,0.14,9.2
5.0,204000.0,4.1,4.1,-0.68,0.01,0.66329,0.044,0.1741,204000.0,24.0,3.24227,0.14,9.2
5.0,205000.0,4.1,4.1,-0.69,0.01,0.65655,0.044,0.1715,205000.0,24.0,3.23431,0.13,9.2
5.0,206000.0,3.8,3.8,-0.66,0.01,0.64828,0.044,0.1692,206000.0,24.0,3.18786,0.14,9.2
5.0,207000.0,3.8,3.8,-0.66,0.015,0.64135,0.044,0.1675,207000.0,24.0,3.15462,0.13,8.8
5.0,208000.0,4.4,4.4,-0.69,0.016,0.63699,0.044,0.1651,207000.0,24.0,3.11504,0.13,8.8
5.0,209000.0,4.1,3.4,-0.69,0.01,0.63213,0.044,0.1649,209000.0,24.0,3.08742,0.13,8.8
5.0,210000.0,3.8,3.8,-0.66,0.01,0.62446,0.044,0.161,210000.0,24.0,3.05303,0.11,9.2
5.0,211000.0,3.8,3.8,-0.68,0.01,0.61754,0.044,0.1593,211000.0,24.0,3.02849,0.09,8.8
5.0,212000.0,3.8,3.8,-0.68,0.01,0.61286,0.044,0.1561,212000.0,24.0,2.99234,0.08,8.8
5.0,213000.0,3.8,3.8,-0.68,0.01,0.60553,0.038,0.1561,213000.0,24.0,2.95908,0.08,8.4
5.0,214000.0,3.8,3.8,-0.68,0.01,0.59748,0.044,0.1538,215000.0,24.0,2.92285,0.08,8.8
5.0,215000.0,3.8,3.8,-0.67,0.01,0.59142,0.038,0.1512,215000.0,24.0,2.90411,0.09,8.8
5.0,216000.0,3.4,3.4,-0.69,0.015,0.58934,0.038,0.1506,216000.0,24.0,2.88207,0.08,8.8
5.0,217000.0,3.8,3.8,-0.67,0.01,0.58445,0.038,0.1491,216000.0,24.0,2.83667,0.08,8.0
5.0,218000.0,3.8,3.8,-0.68,0.01,0.57744,0.038,0.1463,218000.0,24.0,2.81772,0.09,8.0
5.0,219000.0,3.8,3.8,-0.68,0.01,0.57557,0.038,0.1455,218000.0,24.0,2.79513,0.09,8.4
5.0,220000.0,3.4,3.1,-0.71,0.01,0.56805,0.038,0.1438,220000.0,24.0,2.77127,0.07,8.0
5.0,221000.0,3.4,3.1,-0.68,0.01,0.56343,0.038,0.1434,220000.0,24.0,2.74606,0.08,8.0
5.0,222000.0,3.4,3.1,-0.65,0.01,0.5589,0.038,0.1412,222000.0,24.0,2.72354,0.09,8.0
5.0,223000.0,3.4,3.1,-0.68,0.01,0.55526,0.038,0.14,222000.0,24.0,2.70469,0.09,8.0
5.0,224000.0,3.8,3.8,-0.67,0.01,0.55002,0.038,0.1411,224000.0,24.0,2.67776,0.07,8.0
5.0,225000.0,3.8,3.8,-0.67,0.01,0.54576,0.038,0.1378,224000.0,24.0,2.65172,0.08,8.0
5.0,226000.0,3.4,3.1,-0.67,0.01,0.54188,0.038,0.1348,226000.0,24.0,2.63355,0.09,8.0
5.0,227000.0,3.4,3.1,-0.67,0.014,0.5395,0.038,0.1362,226000.0,24.0,2.61174,0.09,8.0
5.0,228000.0,3.4,3.1,-0.67,0.01,0.53512,0.044,0.1362,228000.0,24.0,2.58048,0.09,8.0
5.0,229000.0,3.4,3.1,-0.67,0.01,0.5315,0.038,0.1338,228000.0,24.0,2.56818,0.09,8.0
5.0,230000.0,3.4,3.1,-0.68,0.01,0.52453,0.038,0.132,230000.0,24.0,2.5467,0.07,8.0
5.0,231000.0,3.4,3.1,-0.68,0.01,0.52074,0.038,0.1318,230000.0,24.0,2.5277,0.08,8.0
5.0,232000.0,3.4,3.1,-0.69,0.01,0.51681,0.038,0.1289,233000.0,24.0,2.5049,0.07,8.0
5.0,233000.0,3.8,3.8,-0.66,0.015,0.51372,0.038,0.1295,233000.0,24.0,2.48933,0.08,7.6
5.0,234000.0,3.4,3.1,-0.7,0.01,0.5093,0.038,0.127,235000.0,24.0,2.46843,0.08,7.6
5.0,235000.0,3.1,3.1,-0.65,0.01,0.50696,0.038,0.1279,235000.0,24.0,2.44114,0.07,7.6
5.0,236000.0,3.1,3.1,-0.67,0.01,0.50447,0.038,0.1258,237000.0,24.0,2.42793,0.08,8.0
5.0,237000.0,3.4,3.1,-0.68,0.01,0.49796,0.038,0.1256,237000.0,24.0,2.41027,0.08,8.0
5.0,238000.0,3.1,3.1,-0.69,0.01,0.49672,0.038,0.1255,237000.0,24.0,2.39574,0.08,7.2
5.0,239000.0,3.1,2.8,-0.71,0.016,0.49116,0.038,0.1231,239000.0,24.0,2.37998,0.08,7.2
5.0,240000.0,3.4,3.1,-0.67,0.01,0.48837,0.038,0.121,239000.0,24.0,2.41378,0.08,7.6
5.0,241000.0,3.1,3.1,-0.69,0.015,0.48535,0.038,0.1194,242000.0,24.0,2.33426,0.09,7.2
5.0,242000.0,3.1,3.1,-0.69,0.01,0.48138,0.031,0.1217,242000.0,24.0,2.33265,0.07,7.6
5.0,243000.0,3.1,3.1,-0.69,0.01,0.47943,0.038,0.1179,244000.0,24.0,2.30787,0.07,7.2
5.0,244000.0,3.1,3.1,-0.66,0.01,0.47585,0.038,0.119,244000.0,24.0,2.29348,0.07,7.2
5.0,245000.0,3.1,2.8,-0.69,0.014,0.47402,0.038,0.1176,244000.0,24.0,2.27633,0.08,7.2
5.0,246000.0,3.1,3.1,-0.67,0.01,0.46947,0.038,0.1187,246000.0,24.0,2.25435,0.09,7.2
5.0,247000.0,3.1,2.8,-0.64,0.01,0.46751,0.038,0.1165,246000.0,24.0,2.23294,0.09,7.2
5.0,248000.0,3.1,2.8,-0.68,0.01,0.46556,0.031,0.1186,249000.0,24.0,2.22396,0.09,7.2
5.0,249000.0,3.1,2.8,-0.65,0.01,0.46323,0.044,0.1171,249000.0,24.0,2.20908,0.07,7.2
5.0,250000.0,3.4,3.4,-0.66,0.01,0.45857,0.031,0.1175,249000.0,24.0,2.19949,0.08,7.2
5.0,251000.0,3.1,2.8,-0.68,0.014,0.45706,0.038,0.1172,251000.0,24.0,2.18354,0.08,7.2
5.0,252000.0,3.1,2.8,-0.68,0.01,0.45191,0.038,0.1119,251000.0,24.0,2.17211,0.07,7.2
5.0,253000.0,3.1,2.8,-0.69,0.01,0.44892,0.038,0.1139,254000.0,24.0,2.14138,0.08,7.2
5.0,254000.0,3.1,2.8,-0.67,0.01,0.44888,0.038,0.1123,254000.0,24.0,2.13174,0.08,7.2
5.0,255000.0,3.1,2.8,-0.71,0.01,0.44607,0.038,0.1126,255000.0,24.0,2.12365,0.08,7.2
5.0,256000.0,3.1,2.8,-0.67,0.01,0.44091,0.038,0.1107,256000.0,24.0,2.10591,0.06,7.2
5.0,257000.0,3.1,2.8,-0.72,0.01,0.43794,0.038,0.1102,256000.0,24.0,2.09349,0.08,7.2
5.0,258000.0,3.1,2.5,-0.68,0.01,0.43752,0.038,0.1108,259000.0,24.0,2.08223,0.08,6.8
5.0,259000.0,3.1,2.5,-0.69,0.01,0.43249,0.031,0.1115,259000.0,24.0,2.07457,0.08,6.8
5.0,260000.0,3.1,2.5,-0.69,0.01,0.43201,0.031,0.1084,259000.0,24.0,2.05584,0.07,6.8
5.0,261000.0,3.1,2.5,-0.7,0.014,0.42894,0.031,0.1103,262000.0,24.0,2.04472,0.07,6.4
5.0,262000.0,3.1,2.5,-0.69,0.01,0.42714,0.038,0.1077,262000.0,24.0,2.03151,0.07,6.4
5.0,263000.0,3.1,2.5,-0.68,0.01,0.42298,0.038,0.1073,263000.0,24.0,2.04577,0.07,6.8
5.0,264000.0,3.1,2.5,-0.69,0.01,0.42192,0.038,0.107,265000.0,24.0,2.01732,0.08,6.4
5.0,265000.0,3.1,2.8,-0.66,0.01,0.42057,0.038,0.1063,265000.0,24.0,1.99409,0.06,6.4
5.0,266000.0,3.1,2.5,-0.69,0.01,0.41618,0.031,0.1049,266000.0,24.0,1.99198,0.07,6.4
5.0,267000.0,3.1,2.5,-0.66,0.01,0.41496,0.038,0.1061,267000.0,24.0,1.97522,0.08,6.4
5.0,268000.0,3.1,2.5,-0.66,0.01,0.41425,0.038,0.1055,267000.0,24.0,1.96565,0.07,6.4
5.0,269000.0,3.1,2.5,-0.68,0.01,0.40983,0.038,0.1045,269000.0,24.0,1.95796,0.07,6.8
5.0,270000.0,2.8,2.8,-0.67,0.01,0.40914,0.031,0.1047,270000.0,24.0,1.93324,0.09,6.4
5.0,271000.0,2.8,2.8,-0.65,0.01,0.40828,0.031,0.1065,270000.0,24.0,1.93027,0.06,6.4
5.0,272000.0,3.1,2.5,-0.67,0.01,0.40493,0.038,0.1029,272000.0,24.0,1.92996,0.07,6.4
5.0,273000.0,3.1,2.5,-0.67,0.01,0.4016,0.038,0.1018,273000.0,24.0,1.91168,0.07,6.4
5.0,274000.0,2.8,2.8,-0.67,0.01,0.40098,0.038,0.103,273000.0,24.0,1.90163,0.08,6.4
5.0,275000.0,3.1,2.5,-0.65,0.01,0.3989,0.038,0.1014,275000.0,24.0,1.87867,0.08,6.4
5.0,276000.0,3.1,2.5,-0.66,0.014,0.39617,0.031,0.101,276000.0,24.0,1.87464,0.08,6.4
5.0,277000.0,3.1,2.5,-0.68,0.012,0.39401,0.038,0.1012,276000.0,24.0,1.8641,0.07,6.4
5.0,278000.0,3.1,2.5,-0.68,0.01,0.39212,0.031,0.1,278000.0,24.0,1.84894,0.08,6.4
5.0,279000.0,2.8,2.8,-0.68,0.01,0.38875,0.038,0.0999,279000.0,24.0,1.84121,0.08,6.4
5.0,280000.0,3.1,2.5,-0.65,0.01,0.3881,0.031,0.1008,279000.0,24.0,1.83789,0.08,6.4
5.0,281000.0,2.8,2.8,-0.68,0.012,0.38582,9.9e+37,0.0986,281000.0,24.0,1.83043,0.07,6.4
5.0,282000.0,2.8,2.8,-0.69,0.01,0.38525,0.038,0.0988,282000.0,24.0,1.81317,0.08,6.4
5.0,283000.0,3.1,2.5,-0.68,0.01,0.38127,0.038,0.0991,282000.0,24.0,1.80286,0.07,6.4
5.0,284000.0,3.1,2.5,-0.69,0.01,0.37954,0.031,0.1009,284000.0,24.0,1.80732,0.08,6.4
5.0,285000.0,2.5,2.5,-0.69,0.01,0.37922,0.031,0.098,286000.0,24.0,1.77807,0.07,6.4
5.0,286000.0,3.1,2.5,-0.65,0.01,0.37764,0.031,0.0977,286000.0,24.0,1.76835,0.08,6.4
5.0,287000.0,3.1,2.5,-0.67,0.014,0.37548,0.031,0.0983,287000.0,24.0,1.76764,0.07,6.4
5.0,288000.0,2.5,2.5,-0.65,0.01,0.37363,0.031,0.0969,287000.0,24.0,1.76235,0.07,6.4
5.0,289000.0,2.8,2.8,-0.69,0.01,0.37326,0.031,0.0976,289000.0,24.0,1.74766,0.07,6.4
5.0,290000.0,3.1,2.5,-0.64,0.01,0.36967,0.031,0.0964,291000.0,24.0,1.74931,0.07,6.4
5.0,291000.0,2.5,2.5,-0.68,0.01,0.36767,0.031,0.0954,291000.0,24.0,1.73759,0.08,6.0
5.0,292000.0,2.5,2.5,-0.7,0.01,0.36739,0.031,0.0958,292000.0,24.0,1.73619,0.07,6.4
5.0,293000.0,2.5,2.5,-0.65,0.01,0.36569,0.031,0.0947,292000.0,24.0,1.71328,0.08,6.0
5.0,294000.0,2.5,2.5,-0.68,0.01,0.36482,0.031,0.0947,294000.0,24.0,1.69942,0.06,6.0
5.0,295000.0,2.5,2.5,-0.66,0.01,0.36429,0.031,0.0928,296000.0,24.0,1.70031,0.08,6.0
5.0,296000.0,2.5,2.5,-0.65,0.01,0.35933,0.031,0.0938,296000.0,24.0,1.68801,0.08,6.0
5.0,297000.0,2.8,2.5,-0.7,0.01,0.35888,0.031,0.0949,298000.0,24.0,1.67587,0.07,6.0
5.0,298000.0,2.5,2.5,-0.67,0.01,0.35758,0.031,0.0948,298000.0,24.0,1.66205,0.08,6.0
5.0,299000.0,2.8,2.8,-0.67,0.01,0.35444,0.031,0.095,299000.0,24.0,1.66928,0.07,6.0
5.0,300000.0,2.5,2.5,-0.67,0.01,0.35418,0.031,0.0942,299000.0,24.0,1.65603,0.07,5.6
5.0,301000.0,2.5,2.5,-0.65,0.01,0.35269,0.031,0.0945,301000.0,24.0,1.65214,0.09,6.0
5.0,302000.0,2.5,2.5,-0.65,0.01,0.35062,0.031,0.0931,301000.0,24.0,1.63909,0.07,6.0
5.0,303000.0,2.5,2.5,-0.65,0.01,0.34967,0.031,0.0945,303000.0,24.0,1.62955,0.08,5.6
5.0,304000.0,2.8,2.8,-0.69,0.01,0.34669,0.038,0.0915,305000.0,24.0,1.63393,0.07,6.0
5.0,305000.0,2.5,2.5,-0.66,0.01,0.34561,0.038,0.0902,305000.0,24.0,1.61711,0.09,6.0
5.0,306000.0,2.5,2.5,-0.66,0.01,0.34351,0.031,0.0905,305000.0,24.0,1.60719,0.07,6.0
5.0,307000.0,2.5,2.5,-0.66,0.01,0.34351,0.031,0.092,307000.0,24.0,1.60173,0.08,6.0
5.0,308000.0,2.5,2.5,-0.67,0.01,0.34159,9.9e+37,0.0907,309000.0,24.0,1.59632,0.09,6.0
5.0,309000.0,2.5,2.5,-0.68,0.01,0.34057,0.031,0.0927,309000.0,24.0,1.57919,0.08,5.6
5.0,310000.0,2.5,2.5,-0.66,0.01,0.33873,0.031,0.0945,311000.0,24.0,1.57932,0.07,5.6
5.0,311000.0,2.5,2.5,-0.67,0.01,0.33811,9.9e+37,0.091,311000.0,24.0,1.57012,0.08,5.6
5.0,312000.0,2.5,2.5,-0.68,0.01,0.33633,0.031,0.0901,313000.0,24.0,1.57189,0.08,5.6
5.0,313000.0,2.5,2.5,-0.67,0.01,0.33402,0.031,0.0896,313000.0,24.0,1.57267,0.07,5.6
5.0,314000.0,2.5,2.5,-0.68,0.01,0.33368,0.031,0.0894,314000.0,24.0,1.55199,0.07,5.6
5.0,315000.0,2.5,2.5,-0.66,0.01,0.33232,0.031,0.088,316000.0,24.0,1.54495,0.07,5.6
5.0,316000.0,2.5,2.5,-0.63,0.01,0.33193,0.031,0.0881,316000.0,24.0,1.53989,0.07,5.6
5.0,317000.0,2.5,2.5,-0.66,0.014,0.33222,9.9e+37,0.0884,316000.0,24.0,1.53206,0.09,5.6
5.0,318000.0,2.5,2.5,-0.67,0.01,0.32814,9.9e+37,0.0894,316000.0,24.0,1.52269,0.07,5.6
5.0,319000.0,2.5,2.5,-0.66,0.01,0.32633,0.031,0.09,318000.0,24.0,1.5135,0.08,5.6
5.0,320000.0,2.5,2.5,-0.65,0.01,0.32616,9.9e+37,0.0896,321000.0,24.0,1.50888,0.08,5.6
5.0,321000.0,2.5,2.5,-0.68,0.01,0.32595,9.9e+37,0.0883,321000.0,24.0,1.49927,0.09,5.6
5.0,322000.0,2.5,2.5,-0.68,0.01,0.32388,9.9e+37,0.0878,321000.0,24.0,1.49667,0.07,5.6
5.0,323000.0,2.5,2.5,-0.66,0.012,0.32104,9.9e+37,0.0882,325000.0,24.0,1.48804,0.08,5.6
5.0,324000.0,2.5,2.5,-0.68,0.014,0.32286,0.031,0.0869,325000.0,24.0,1.49208,0.08,5.6
5.0,325000.0,2.5,2.5,-0.68,0.01,0.31897,9.9e+37,0.0876,325000.0,24.0,1.48288,0.07,5.6
5.0,326000.0,2.5,2.5,-0.66,0.01,0.32008,9.9e+37,0.0874,325000.0,24.0,1.47047,0.08,5.6
5.0,327000.0,2.5,2.5,-0.64,0.01,0.31723,0.031,0.0878,329000.0,24.0,1.46997,0.08,5.6
5.0,328000.0,2.5,2.5,-0.66,0.01,0.31582,0.031,0.0879,329000.0,24.0,1.45702,0.07,5.6
5.0,329000.0,2.5,2.5,-0.67,0.01,0.31687,0.031,0.0868,329000.0,24.0,1.45777,0.08,5.6
5.0,330000.0,2.5,2.5,-0.64,0.01,0.31413,9.9e+37,0.086,329000.0,24.0,1.45015,0.08,5.6
5.0,331000.0,2.8,2.8,-0.69,0.01,0.31411,9.9e+37,0.0863,331000.0,24.0,1.44444,0.07,5.6
5.0,332000.0,2.5,2.5,-0.68,0.01,0.31162,0.031,0.0861,333000.0,24.0,1.43965,0.08,5.6
5.0,333000.0,2.5,2.5,-0.7,0.01,0.31093,0.031,0.0849,333000.0,24.0,1.42831,0.08,5.6
5.0,334000.0,2.5,2.5,-0.65,0.01,0.31136,9.9e+37,0.0849,333000.0,24.0,1.43268,0.08,5.6
5.0,335000.0,2.5,2.5,-0.69,0.01,0.30879,9.9e+37,0.0848,333000.0,24.0,1.41569,0.07,5.6
5.0,336000.0,2.5,2.5,-0.69,0.015,0.30799,9.9e+37,0.0868,338000.0,24.0,1.40692,0.08,5.6
5.0,337000.0,2.5,2.5,-0.64,0.01,0.30681,0.031,0.0871,338000.0,24.0,1.4078,0.07,5.6
5.0,338000.0,2.5,2.5,-0.71,0.01,0.30428,9.9e+37,0.0859,338000.0,24.0,1.40574,0.08,5.6
5.0,339000.0,2.5,2.5,-0.68,0.01,0.30318,9.9e+37,0.085,338000.0,24.0,1.39596,0.08,5.6
5.0,340000.0,2.5,2.5,-0.69,0.01,0.30205,0.031,0.085,338000.0,24.0,1.39298,0.08,5.6
5.0,341000.0,2.5,2.5,-0.69,0.01,0.30225,9.9e+37,0.085,342000.0,24.0,1.37936,0.08,5.6
5.0,342000.0,2.5,2.5,-0.73,0.01,0.30135,9.9e+37,0.0836,342000.0,24.0,1.37689,0.08,5.6
5.0,343000.0,2.5,2.5,-0.67,0.01,0.301,9.9e+37,0.0843,342000.0,24.0,1.37529,0.07,5.6
5.0,344000.0,2.5,2.5,-0.69,0.01,0.29829,9.9e+37,0.0834,342000.0,24.0,1.36213,0.09,5.6
5.0,345000.0,2.5,2.5,-0.67,0.014,0.2978,0.031,0.0824,347000.0,24.0,1.36651,0.09,5.6
5.0,346000.0,2.5,2.5,-0.68,0.01,0.29569,0.031,0.0853,347000.0,24.0,1.35749,0.08,5.6
5.0,347000.0,2.5,2.5,-0.7,0.01,0.29478,0.031,0.0838,347000.0,24.0,1.34765,0.1,5.2
5.0,348000.0,2.5,2.5,-0.7,0.01,0.29584,0.031,0.0849,347000.0,24.0,1.35439,0.08,5.2
5.0,349000.0,2.5,2.5,-0.69,0.01,0.29172,9.9e+37,0.0841,347000.0,24.0,1.33768,0.08,5.2
5.0,350000.0,2.5,2.5,-0.7,0.012,0.29197,9.9e+37,0.0836,352000.0,24.0,1.34013,0.08,5.2
5.0,351000.0,2.5,2.5,-0.7,0.01,0.29365,9.9e+37,0.0839,352000.0,24.0,1.34056,0.07,5.2
5.0,352000.0,2.5,2.5,-0.66,0.01,0.28948,0.031,0.0825,352000.0,24.0,1.33169,0.07,5.2
5.0,353000.0,2.5,2.5,-0.7,0.01,0.28917,9.9e+37,0.0823,352000.0,24.0,1.3285,0.09,5.6
5.0,354000.0,2.5,2.5,-0.64,0.01,0.29011,9.9e+37,0.0841,352000.0,24.0,1.31604,0.07,5.2
5.0,355000.0,2.5,2.5,-0.69,0.01,0.28683,9.9e+37,0.083,355000.0,24.0,1.35402,0.08,5.6
5.0,356000.0,2.5,2.5,-0.68,0.01,0.28915,0.031,0.0824,357000.0,24.0,1.30081,0.08,5.2
5.0,357000.0,2.5,2.5,-0.67,0.01,0.28734,0.031,0.0838,357000.0,24.0,1.29408,0.1,5.2
5.0,358000.0,2.5,2.5,-0.68,0.01,0.2845,0.031,0.0835,357000.0,24.0,1.30142,0.09,5.2
5.0,359000.0,2.8,2.5,-0.69,0.01,0.28548,0.031,0.0822,357000.0,24.0,1.2949,0.08,5.2
5.0,360000.0,2.5,2.5,-0.69,0.01,0.28469,9.9e+37,0.0823,360000.0,24.0,1.29732,0.09,5.2
5.0,361000.0,2.2,2.2,-0.69,0.01,0.28189,0.031,0.0836,362000.0,24.0,1.28053,0.09,5.2
5.0,362000.0,2.5,2.5,-0.68,0.01,0.28112,9.9e+37,0.0818,362000.0,24.0,1.27894,0.07,5.2
5.0,363000.0,2.5,2.5,-0.68,0.01,0.28118,0.031,0.0834,362000.0,24.0,1.27331,0.08,4.8
5.0,364000.0,2.2,2.2,-0.69,0.01,0.27964,9.9e+37,0.082,362000.0,24.0,1.26477,0.1,5.2
5.0,365000.0,2.5,2.5,-0.65,0.01,0.28017,0.031,0.0833,365000.0,24.0,1.27097,0.08,5.2
5.0,366000.0,2.5,2.5,-0.67,0.01,0.27893,9.9e+37,0.0815,368000.0,24.0,1.2543,0.09,4.8
5.0,367000.0,2.2,2.2,-0.67,0.01,0.27698,9.9e+37,0.0796,368000.0,24.0,1.25834,0.07,4.8
5.0,368000.0,2.2,2.2,-0.67,0.01,0.27905,9.9e+37,0.0808,368000.0,24.0,1.25589,0.09,5.2
5.0,369000.0,2.5,2.5,-0.67,0.01,0.27634,9.9e+37,0.0803,368000.0,24.0,1.24451,0.09,4.8
5.0,370000.0,2.2,2.2,-0.7,0.01,0.27524,0.031,0.0805,370000.0,24.0,1.24279,0.09,5.2
5.0,371000.0,2.5,2.5,-0.68,0.01,0.27525,0.031,0.0806,370000.0,24.0,1.22822,0.08,5.2
5.0,372000.0,2.5,2.5,-0.69,0.01,0.27338,9.9e+37,0.0795,373000.0,24.0,1.22958,0.08,5.2
5.0,373000.0,2.5,2.5,-0.64,0.01,0.27344,9.9e+37,0.0808,373000.0,24.0,1.22919,0.09,4.8
5.0,374000.0,2.2,2.2,-0.65,0.01,0.27179,9.9e+37,0.0802,373000.0,24.0,1.2289,0.09,5.2
5.0,375000.0,2.5,2.5,-0.67,0.01,0.26908,9.9e+37,0.0818,376000.0,24.0,1.2297,0.07,4.8
5.0,376000.0,2.2,2.2,-0.7,0.01,0.2701,9.9e+37,0.0818,376000.0,24.0,1.21863,0.09,4.8
5.0,377000.0,2.2,2.2,-0.69,0.01,0.26905,9.9e+37,0.0805,379000.0,24.0,1.2127,0.09,4.8
5.0,378000.0,2.5,2.5,-0.66,0.01,0.26762,9.9e+37,0.0806,379000.0,24.0,1.21137,0.08,5.2
5.0,379000.0,2.2,2.2,-0.68,0.01,0.26794,0.031,0.0807,379000.0,24.0,1.20395,0.08,4.8
5.0,380000.0,2.5,2.5,-0.64,0.01,0.26611,0.031,0.0797,379000.0,24.0,1.21612,0.08,5.2
5.0,381000.0,2.5,2.5,-0.66,0.01,0.26665,0.031,0.0797,382000.0,24.0,1.20021,0.1,4.8
5.0,382000.0,2.2,2.2,-0.68,0.01,0.26619,0.031,0.0809,382000.0,24.0,1.20112,0.08,4.8
5.0,383000.0,2.5,2.5,-0.65,0.01,0.26421,0.031,0.0824,382000.0,24.0,1.18799,0.08,5.2
5.0,384000.0,2.5,2.5,-0.67,0.01,0.26474,0.031,0.0811,385000.0,24.0,1.19204,0.08,5.2
5.0,385000.0,2.5,2.5,-0.67,0.015,0.26293,9.9e+37,0.0795,385000.0,24.0,1.18073,0.09,4.8
5.0,386000.0,2.2,2.2,-0.7,0.01,0.26223,9.9e+37,0.0796,385000.0,24.0,1.17572,0.09,4.8
5.0,387000.0,2.2,2.2,-0.67,0.01,0.26176,9.9e+37,0.0806,388000.0,24.0,1.17565,0.08,4.8
5.0,388000.0,2.2,2.2,-0.69,0.015,0.26118,9.9e+37,0.0802,388000.0,24.0,1.17272,0.1,5.2
5.0,389000.0,2.5,2.5,-0.69,0.01,0.26007,0.031,0.0788,391000.0,24.0,1.17771,0.1,4.8
5.0,390000.0,2.2,2.2,-0.69,0.015,0.25847,9.9e+37,0.0796,391000.0,24.0,1.16536,0.09,5.2
5.0,391000.0,2.5,2.5,-0.68,0.01,0.25804,0.031,0.0788,391000.0,24.0,1.14957,0.09,4.8
5.0,392000.0,2.2,2.2,-0.7,0.01,0.25737,0.031,0.075,394000.0,24.0,1.1628,0.08,5.2
5.0,393000.0,2.2,2.2,-0.68,0.01,0.25679,0.031,0.0792,394000.0,24.0,1.15369,0.09,5.2
5.0,394000.0,2.2,2.2,-0.66,0.01,0.25545,9.9e+37,0.0801,394000.0,24.0,1.15417,0.1,4.8
5.0,395000.0,2.5,2.5,-0.67,0.01,0.25292,9.9e+37,0.0791,394000.0,24.0,1.13874,0.09,4.8
5.0,396000.0,2.2,2.2,-0.69,0.01,0.25511,9.9e+37,0.0797,397000.0,24.0,1.14177,0.09,4.8
5.0,397000.0,2.2,2.2,-0.68,0.01,0.25455,9.9e+37,0.0802,397000.0,24.0,1.14716,0.09,5.2
5.0,398000.0,2.2,2.2,-0.7,0.01,0.2524,9.9e+37,0.0792,397000.0,24.0,1.12903,0.09,4.8
5.0,399000.0,2.5,2.5,-0.69,0.01,0.25256,0.031,0.079,400000.0,24.0,1.12901,0.1,4.8
5.0,400000.0,2.2,2.2,-0.7,0.014,0.25048,9.9e+37,0.0799,400000.0,24.0,1.12992,0.1,4.8
5.0,401000.0,2.5,2.5,-0.67,0.01,0.25154,9.9e+37,0.0785,400000.0,24.0,1.11645,0.09,4.8
5.0,402000.0,2.2,2.2,-0.67,0.01,0.25143,9.9e+37,0.0795,403000.0,24.0,1.12406,0.09,4.8
5.0,403000.0,2.2,2.2,-0.67,0.01,0.25056,9.9e+37,0.0788,403000.0,24.0,1.11409,0.1,4.8
5.0,404000.0,2.5,2.5,-0.69,0.01,0.24893,9.9e+37,0.0778,403000.0,24.0,1.10698,0.09,4.8
5.0,405000.0,2.2,2.2,-0.66,0.01,0.25005,9.9e+37,0.0799,407000.0,24.0,1.10499,0.09,4.8
5.0,406000.0,2.2,2.2,-0.64,0.01,0.24734,9.9e+37,0.0788,407000.0,24.0,1.10756,0.09,4.8
5.0,407000.0,2.2,2.2,-0.68,0.01,0.24799,9.9e+37,0.0785,407000.0,24.0,1.10708,0.09,5.2
5.0,408000.0,2.2,2.2,-0.67,0.01,0.2461,0.031,0.0776,407000.0,24.0,1.10613,0.09,4.8
5.0,409000.0,2.2,2.2,-0.69,0.01,0.24577,9.9e+37,0.0791,410000.0,24.0,1.10469,0.09,4.8
5.0,410000.0,2.2,2.2,-0.7,0.01,0.24638,9.9e+37,0.0783,410000.0,24.0,1.09674,0.08,4.8
5.0,411000.0,2.2,2.2,-0.68,0.01,0.24446,9.9e+37,0.0773,410000.0,24.0,1.08206,0.08,4.8
5.0,412000.0,1.9,1.9,-0.69,0.01,0.24607,0.031,0.0793,413000.0,24.0,1.08648,0.09,4.8
5.0,413000.0,2.2,2.2,-0.67,0.01,0.24258,9.9e+37,0.0782,413000.0,24.0,1.08713,0.09,4.8
5.0,414000.0,2.5,2.5,-0.69,0.01,0.24361,9.9e+37,0.0776,413000.0,24.0,1.08165,0.09,4.8
5.0,415000.0,2.2,2.2,-0.65,0.01,0.24116,9.9e+37,0.0773,413000.0,24.0,1.0759,0.08,4.8
5.0,416000.0,2.2,2.2,-0.69,0.01,0.24069,0.031,0.0775,417000.0,24.0,1.08064,0.09,5.2
5.0,417000.0,2.5,2.5,-0.68,0.01,0.24133,9.9e+37,0.0775,417000.0,24.0,1.06049,0.09,4.8
5.0,418000.0,2.2,2.2,-0.68,0.014,0.24136,9.9e+37,0.0765,420000.0,24.0,1.06002,0.1,4.8
5.0,419000.0,2.2,2.2,-0.68,0.01,0.23821,9.9e+37,0.077,420000.0,24.0,1.07711,0.1,5.2
5.0,420000.0,1.9,1.9,-0.67,0.01,0.24021,0.031,0.077,420000.0,24.0,1.05636,0.1,4.8
5.0,421000.0,2.2,2.2,-0.68,0.01,0.23784,9.9e+37,0.0773,420000.0,24.0,1.06249,0.09,4.8
5.0,422000.0,2.2,2.2,-0.65,0.01,0.23861,9.9e+37,0.0768,420000.0,24.0,1.06048,0.09,4.8
5.0,423000.0,2.2,2.2,-0.66,0.01,0.23478,0.031,0.0758,424000.0,24.0,1.04843,0.1,4.8
5.0,424000.0,2.2,2.2,-0.7,0.014,0.23678,0.031,0.078,424000.0,24.0,1.05295,0.08,4.8
5.0,425000.0,1.9,1.9,-0.66,0.01,0.23673,9.9e+37,0.0774,427000.0,24.0,1.05286,0.09,4.8
5.0,426000.0,1.9,1.9,-0.65,0.01,0.23646,9.9e+37,0.0768,427000.0,24.0,1.04964,0.08,4.8
5.0,427000.0,1.9,1.9,-0.67,0.01,0.23502,0.031,0.0792,427000.0,24.0,1.03832,0.1,4.8
5.0,428000.0,2.2,2.2,-0.69,0.01,0.23644,9.9e+37,0.0785,427000.0,24.0,1.0464,0.08,4.8
5.0,429000.0,2.2,2.2,-0.69,0.01,0.23314,9.9e+37,0.0777,427000.0,24.0,1.03472,0.09,4.8
5.0,430000.0,1.9,1.9,-0.64,0.01,0.23304,9.9e+37,0.0776,431000.0,24.0,1.04008,0.1,4.8
5.0,431000.0,2.5,2.5,-0.68,0.014,0.23157,9.9e+37,0.0774,431000.0,24.0,1.02506,0.1,4.8
5.0,432000.0,2.2,2.2,-0.7,0.01,0.23134,9.9e+37,0.0776,431000.0,24.0,1.04877,0.1,5.2
5.0,433000.0,1.9,1.9,-0.69,0.01,0.23153,9.9e+37,0.0781,435000.0,24.0,1.02463,0.09,4.8
5.0,434000.0,2.2,2.2,-0.68,0.01,0.23038,0.031,0.0787,435000.0,24.0,1.00792,0.09,4.8
5.0,435000.0,1.9,1.9,-0.66,0.01,0.23008,0.031,0.08,435000.0,24.0,1.0233,0.09,4.8
5.0,436000.0,1.9,1.9,-0.7,0.01,0.23033,9.9e+37,0.0768,435000.0,24.0,1.01353,0.09,4.8
5.0,437000.0,1.9,1.9,-0.67,0.01,0.22884,9.9e+37,0.0769,435000.0,24.0,1.01226,0.09,4.4
5.0,438000.0,2.2,2.2,-0.71,0.01,0.22803,9.9e+37,0.0779,439000.0,24.0,1.0218,0.09,4.8
5.0,439000.0,1.9,1.9,-0.66,0.01,0.22793,9.9e+37,0.0777,439000.0,24.0,1.00094,0.09,4.4
5.0,440000.0,2.2,2.2,-0.69,0.01,0.22652,0.031,0.0778,442000.0,24.0,1.01171,0.09,4.8
5.0,441000.0,1.9,1.9,-0.74,0.01,0.22685,9.9e+37,0.0774,442000.0,24.0,1.00153,0.1,4.8
5.0,442000.0,2.2,2.2,-0.69,0.01,0.22723,9.9e+37,0.0772,442000.0,24.0,1.00475,0.1,4.8
5.0,443000.0,1.9,1.9,-0.67,0.01,0.22755,9.9e+37,0.0774,442000.0,24.0,0.99617,0.1,4.8
5.0,444000.0,2.2,2.2,-0.68,0.01,0.22581,0.031,0.0772,442000.0,24.0,0.98527,0.1,4.8
5.0,445000.0,1.9,1.9,-0.66,0.01,0.22551,0.031,0.0779,442000.0,24.0,0.98951,0.1,4.4
5.0,446000.0,1.9,1.9,-0.67,0.01,0.22297,0.031,0.0774,446000.0,24.0,0.97164,0.1,4.4
5.0,447000.0,1.9,1.9,-0.66,0.01,0.22587,9.9e+37,0.0764,446000.0,24.0,0.97399,0.1,4.4
5.0,448000.0,2.2,2.2,-0.69,0.01,0.22386,0.031,0.0761,450000.0,24.0,0.99043,0.1,4.8
5.0,449000.0,2.2,2.2,-0.69,0.01,0.22502,9.9e+37,0.0766,450000.0,24.0,0.97875,0.1,4.8
5.0,450000.0,2.2,2.2,-0.68,0.016,0.22349,9.9e+37,0.0771,450000.0,24.0,0.97634,0.09,4.4
5.0,451000.0,2.2,2.2,-0.67,0.01,0.22296,9.9e+37,0.0769,450000.0,24.0,1.01653,0.11,4.8
5.0,452000.0,2.2,2.2,-0.66,0.01,0.22017,9.9e+37,0.0754,450000.0,24.0,0.97112,0.09,4.4
5.0,453000.0,1.9,1.9,-0.66,0.01,0.22089,9.9e+37,0.076,450000.0,24.0,0.97434,0.1,4.8
5.0,454000.0,2.2,2.2,-0.66,0.01,0.21983,9.9e+37,0.0756,455000.0,24.0,1.02499,0.1,4.8
5.0,455000.0,1.9,1.9,-0.67,0.01,0.21837,0.031,0.0739,455000.0,24.0,0.98457,0.1,4.8
5.0,456000.0,1.9,1.9,-0.69,0.01,0.22041,9.9e+37,0.0766,459000.0,24.0,0.96095,0.09,4.8
5.0,457000.0,1.9,1.9,-0.66,0.01,0.21767,0.031,0.0758,459000.0,24.0,0.9509,0.09,4.8
5.0,458000.0,1.9,1.9,-0.68,0.01,0.21787,0.031,0.076,459000.0,24.0,0.95708,0.1,4.8
5.0,459000.0,2.2,2.2,-0.65,0.01,0.21695,9.9e+37,0.0756,459000.0,24.0,0.95576,0.1,4.8
5.0,460000.0,1.9,1.9,-0.71,0.01,0.21823,9.9e+37,0.0752,459000.0,24.0,0.94411,0.09,4.4
5.0,461000.0,2.2,2.2,-0.67,0.01,0.21633,9.9e+37,0.0766,459000.0,24.0,0.95058,0.1,4.8
5.0,462000.0,1.9,1.9,-0.67,0.01,0.21649,9.9e+37,0.0751,459000.0,24.0,0.94129,0.1,4.4
5.0,463000.0,1.9,1.9,-0.66,0.017,0.21731,9.9e+37,0.0761,463000.0,24.0,0.94794,0.1,4.8
5.0,464000.0,1.9,1.9,-0.69,0.01,0.21568,9.9e+37,0.0754,463000.0,24.0,0.9462,0.11,4.8
5.0,465000.0,1.9,1.9,-0.71,0.01,0.21433,9.9e+37,0.0758,467000.0,24.0,0.94077,0.1,4.8
5.0,466000.0,1.9,1.9,-0.67,0.01,0.21543,0.031,0.0751,467000.0,24.0,0.938,0.09,4.8
5.0,467000.0,1.9,1.9,-0.66,0.01,0.21225,0.031,0.075,467000.0,24.0,0.92907,0.09,3.8
5.0,468000.0,2.2,2.2,-0.66,0.01,0.21356,9.9e+37,0.0748,467000.0,24.0,0.93363,0.09,4.4
5.0,469000.0,1.9,1.9,-0.67,0.01,0.21196,0.031,0.0751,467000.0,24.0,0.93059,0.1,4.4
5.0,470000.0,1.9,1.9,-0.69,0.01,0.2119,9.9e+37,0.0764,467000.0,24.0,0.91794,0.09,3.8
5.0,471000.0,2.5,2.5,-0.66,0.01,0.21427,9.9e+37,0.0755,472000.0,24.0,0.92871,0.09,3.8
5.0,472000.0,1.9,1.9,-0.71,0.01,0.21038,9.9e+37,0.0761,472000.0,24.0,0.92226,0.09,4.8
5.0,473000.0,1.9,1.9,-0.71,0.01,0.21068,0.031,0.0756,476000.0,24.0,0.91958,0.1,4.4
5.0,474000.0,1.9,1.9,-0.63,0.01,0.21049,9.9e+37,0.0767,476000.0,24.0,0.92266,0.1,4.4
5.0,475000.0,1.9,1.9,-0.71,0.015,0.21129,0.031,0.0757,476000.0,24.0,0.91857,0.09,3.8
5.0,476000.0,1.9,1.9,-0.7,0.01,0.20979,0.031,0.0769,476000.0,24.0,0.90825,0.1,3.8
5.0,477000.0,1.9,1.9,-0.7,0.016,0.21001,9.9e+37,0.0765,476000.0,24.0,0.91262,0.09,3.8
5.0,478000.0,2.2,2.2,-0.66,0.01,0.20845,0.031,0.0775,476000.0,24.0,0.91432,0.1,3.8
5.0,479000.0,2.2,2.2,-0.69,0.01,0.20805,9.9e+37,0.0755,476000.0,24.0,0.90749,0.1,4.8
5.0,480000.0,1.9,1.9,-0.68,0.01,0.20956,9.9e+37,0.0766,481000.0,24.0,0.91095,0.1,3.8
5.0,481000.0,1.9,1.9,-0.67,0.01,0.20877,0.031,0.0764,481000.0,24.0,0.90179,0.1,4.8
5.0,482000.0,1.9,1.9,-0.71,0.01,0.20693,9.9e+37,0.0764,485000.0,24.0,0.89813,0.1,3.8
5.0,483000.0,1.9,1.9,-0.68,0.01,0.20711,9.9e+37,0.076,485000.0,24.0,0.90536,0.09,4.4
5.0,484000.0,1.9,1.9,-0.69,0.01,0.205,9.9e+37,0.0767,485000.0,24.0,0.88543,0.1,3.8
5.0,485000.0,2.2,2.2,-0.67,0.01,0.20622,9.9e+37,0.0764,485000.0,24.0,0.89169,0.1,3.8
5.0,486000.0,1.9,1.9,-0.68,0.01,0.20545,9.9e+37,0.0772,485000.0,24.0,0.89278,0.1,3.8
5.0,487000.0,1.9,1.9,-0.69,0.01,0.2047,0.031,0.0777,485000.0,24.0,0.89438,0.09,4.0
5.0,488000.0,1.9,1.9,-0.67,0.01,0.20411,0.031,0.0782,485000.0,24.0,0.88015,0.1,3.8
5.0,489000.0,1.9,1.9,-0.75,0.01,0.20206,0.031,0.0767,485000.0,24.0,0.89072,0.1,3.8
5.0,490000.0,1.9,1.9,-0.66,0.01,0.20243,0.031,0.0745,490000.0,24.0,0.88698,0.1,3.8
5.0,491000.0,1.9,1.9,-0.68,0.01,0.20311,0.031,0.0765,490000.0,24.0,0.89852,0.1,3.8
5.0,492000.0,1.9,1.9,-0.71,0.017,0.20167,9.9e+37,0.0761,495000.0,24.0,0.88928,0.1,3.8
5.0,493000.0,1.9,1.9,-0.68,0.01,0.20116,9.9e+37,0.0765,495000.0,24.0,0.87351,0.1,4.0
5.0,494000.0,1.9,1.9,-0.66,0.01,0.20245,0.031,0.0761,495000.0,24.0,0.86989,0.1,3.8
5.0,495000.0,1.9,1.9,-0.68,0.01,0.20221,9.9e+37,0.0752,495000.0,24.0,0.87554,0.1,3.8
5.0,496000.0,1.9,1.9,-0.68,0.01,0.20207,0.031,0.0742,495000.0,24.0,0.87717,0.1,3.8
5.0,497000.0,1.9,1.9,-0.7,0.01,0.20028,0.031,0.0756,495000.0,24.0,0.87072,0.1,4.0
5.0,498000.0,1.9,1.9,-0.67,0.016,0.20104,9.9e+37,0.0761,495000.0,24.0,0.86748,0.1,3.8
5.0,499000.0,2.2,2.2,-0.71,0.01,0.20026,0.031,0.0762,500000.0,24.0,0.857,0.1,4.0
5.0,500000.0,1.9,1.9,-0.67,0.01,0.20009,9.9e+37,0.0751,500000.0,24.0,0.85733,0.1,4.0
1.0,139700.0,19.7,19.7,-0.66,9.9e+37,9.9e+37,0.281,1.7606,139700.0,23.0,9.9e+37,9.9e+37,12.9
1.5,139700.0,17.5,17.5,-0.63,0.026,4.17803,0.225,1.8071,139700.0,23.0,6.78781,0.23,16.1
2.2,139700.0,15.6,15.6,-0.58,0.022,3.5943,0.181,1.7381,139700.0,23.0,8.33672,0.2,19.3
3.3,139700.0,12.5,12.5,-0.68,0.019,2.89381,0.15,1.5389,139700.0,23.0,9.87444,0.18,21.7
4.7,139700.0,10.0,10.0,-0.69,0.017,2.29671,0.125,1.2948,139700.0,23.0,10.99703,0.15,24.1
6.8,139700.0,7.8,7.8,-0.67,0.017,1.73894,0.106,1.0232,139700.0,24.0,11.9047,0.14,25.7
10.0,139700.0,6.3,6.3,-0.68,0.01,1.26521,0.081,0.7727,139700.0,24.0,12.57709,0.13,26.9
