#, Frequency (Hz), Amplitude (Vpp), Gain (dB), Phase (°)
1,1000.0,0.2000,-85.77,-7.59
2,1010.0,0.2000,-83.11,20.69
3,1020.0,0.2000,-87.44,-32.83
4,1030.2,0.2000,-83.13,-16.00
5,1040.4,0.2000,-86.69,-2.83
6,1050.8,0.2000,-85.49,-6.34
7,1061.2,0.2000,-85.98,22.22
8,1071.8,0.2000,-83.30,-10.03
9,1082.5,0.2000,-82.23,0.73
10,1093.2,0.2000,-84.63,10.75
11,1104.1,0.2000,-82.71,-9.23
12,1115.1,0.2000,-83.56,-2.86
13,1126.2,0.2000,-84.36,-7.65
14,1137.4,0.2000,-82.21,-1.39
15,1148.7,0.2000,-82.55,-11.46
16,1160.2,0.2000,-82.41,-15.10
17,1171.7,0.2000,-83.69,5.72
18,1183.4,0.2000,-80.11,3.36
19,1195.1,0.2000,-83.34,11.48
20,1207.0,0.2000,-80.59,1.78
21,1219.0,0.2000,-79.95,2.83
22,1231.2,0.2000,-80.01,-1.83
23,1243.4,0.2000,-80.56,-1.40
24,1255.8,0.2000,-81.24,9.88
25,1268.3,0.2000,-80.19,-3.62
26,1280.9,0.2000,-79.86,-3.75
27,1293.7,0.2000,-79.29,-5.87
28,1306.6,0.2000,-79.80,-1.36
29,1319.6,0.2000,-78.16,-5.30
30,1332.7,0.2000,-80.21,-4.59
31,1346.0,0.2000,-80.05,13.93
32,1359.4,0.2000,-77.83,-2.55
33,1372.9,0.2000,-78.85,-7.45
34,1386.5,0.2000,-79.17,-9.05
35,1400.3,0.2000,-78.08,-1.70
36,1414.3,0.2000,-77.75,0.87
37,1428.4,0.2000,-79.50,-5.27
38,1442.6,0.2000,-78.02,-3.63
39,1456.9,0.2000,-78.47,-2.42
40,1471.4,0.2000,-77.19,-10.99
41,1486.1,0.2000,-77.73,-2.83
42,1500.9,0.2000,-77.46,-2.71
43,1515.8,0.2000,-76.68,-0.77
44,1530.9,0.2000,-76.64,-3.05
45,1546.1,0.2000,-77.57,-1.55
46,1561.5,0.2000,-75.40,-2.75
47,1577.1,0.2000,-76.81,-5.95
48,1592.8,0.2000,-75.58,-4.52
49,1608.6,0.2000,-76.16,-4.23
50,1624.6,0.2000,-75.56,-1.43
51,1640.8,0.2000,-75.25,1.72
52,1657.1,0.2000,-75.28,-6.43
53,1673.6,0.2000,-74.61,-2.42
54,1690.3,0.2000,-74.26,0.75
55,1707.1,0.2000,-74.42,-3.71
56,1724.1,0.2000,-74.61,-7.90
57,1741.2,0.2000,-74.17,-1.94
58,1758.6,0.2000,-74.02,-3.60
59,1776.1,0.2000,-74.09,-6.27
60,1793.7,0.2000,-73.19,-2.82
61,1811.6,0.2000,-73.79,-6.80
62,1829.6,0.2000,-73.12,0.19
63,1847.8,0.2000,-73.49,-4.96
64,1866.2,0.2000,-72.93,-3.45
65,1884.8,0.2000,-73.03,-5.42
66,1903.6,0.2000,-72.65,-5.48
67,1922.5,0.2000,-71.79,-7.42
68,1941.6,0.2000,-72.18,-7.38
69,1961.0,0.2000,-71.99,-5.50
70,1980.5,0.2000,-71.35,-5.12
71,2000.2,0.2000,-71.02,-3.35
72,2020.1,0.2000,-71.30,-2.29
73,2040.2,0.2000,-71.92,-2.13
74,2060.5,0.2000,-71.20,-3.17
75,2081.0,0.2000,-70.61,-3.86
76,2101.7,0.2000,-70.68,-6.40
77,2122.6,0.2000,-70.64,-6.73
78,2143.8,0.2000,-70.46,-5.72
79,2165.1,0.2000,-70.22,-5.10
80,2186.7,0.2000,-69.82,-4.82
81,2208.4,0.2000,-69.84,-5.73
82,2230.4,0.2000,-69.65,-7.06
83,2252.6,0.2000,-69.05,-5.66
84,2275.0,0.2000,-69.49,-4.27
85,2297.7,0.2000,-69.45,-5.92
86,2320.5,0.2000,-68.78,-7.82
87,2343.6,0.2000,-68.83,-9.37
88,2367.0,0.2000,-68.44,-6.84
89,2390.5,0.2000,-68.39,-7.30
90,2414.3,0.2000,-68.18,-4.40
91,2438.3,0.2000,-67.76,-5.59
92,2462.6,0.2000,-67.93,-6.64
93,2487.1,0.2000,-67.92,-8.89
94,2511.9,0.2000,-67.53,-5.32
95,2536.9,0.2000,-67.25,-7.55
96,2562.1,0.2000,-67.24,-6.26
97,2587.6,0.2000,-67.19,-4.34
98,2613.4,0.2000,-66.72,-6.40
99,2639.4,0.2000,-66.33,-7.47
100,2665.6,0.2000,-66.39,-5.58
101,2692.2,0.2000,-66.32,-6.62
102,2719.0,0.2000,-65.91,-7.28
103,2746.0,0.2000,-65.53,-7.34
104,2773.4,0.2000,-65.66,-8.06
105,2801.0,0.2000,-65.52,-6.53
106,2828.8,0.2000,-65.49,-8.56
107,2857.0,0.2000,-65.16,-6.63
108,2885.4,0.2000,-64.93,-7.77
109,2914.1,0.2000,-64.98,-6.15
110,2943.1,0.2000,-64.65,-7.63
111,2972.4,0.2000,-64.61,-8.36
112,3002.0,0.2000,-64.34,-7.59
113,3031.9,0.2000,-64.17,-8.34
114,3062.1,0.2000,-64.04,-7.57
115,3092.6,0.2000,-63.91,-9.00
116,3123.3,0.2000,-63.68,-7.45
117,3154.4,0.2000,-63.35,-9.38
118,3185.8,0.2000,-63.22,-7.32
119,3217.5,0.2000,-63.16,-9.89
120,3249.5,0.2000,-62.93,-8.36
121,3281.9,0.2000,-62.72,-8.63
122,3314.6,0.2000,-62.45,-9.48
123,3347.5,0.2000,-62.38,-7.61
124,3380.9,0.2000,-61.97,-8.80
125,3414.5,0.2000,-62.02,-8.31
126,3448.5,0.2000,-61.75,-10.03
127,3482.8,0.2000,-61.47,-8.45
128,3517.5,0.2000,-61.24,-8.98
129,3552.5,0.2000,-61.33,-9.90
130,3587.8,0.2000,-61.17,-8.61
131,3623.5,0.2000,-60.87,-8.86
132,3659.6,0.2000,-60.80,-9.48
133,3696.0,0.2000,-60.70,-9.27
134,3732.8,0.2000,-60.47,-9.55
135,3770.0,0.2000,-60.26,-9.96
136,3807.5,0.2000,-60.06,-10.19
137,3845.4,0.2000,-59.99,-11.15
138,3883.7,0.2000,-59.78,-10.52
139,3922.3,0.2000,-59.46,-10.07
140,3961.3,0.2000,-59.44,-10.68
141,4000.8,0.2000,-59.29,-11.02
142,4040.6,0.2000,-58.99,-10.35
143,4080.8,0.2000,-58.79,-10.92
144,4121.4,0.2000,-58.62,-10.76
145,4162.4,0.2000,-58.40,-11.41
146,4203.9,0.2000,-58.28,-11.43
147,4245.7,0.2000,-58.02,-11.48
148,4288.0,0.2000,-57.89,-11.29
149,4330.6,0.2000,-57.77,-11.08
150,4373.7,0.2000,-57.60,-11.09
151,4417.3,0.2000,-57.46,-11.45
152,4461.2,0.2000,-57.18,-11.87
153,4505.6,0.2000,-57.01,-11.89
154,4550.5,0.2000,-56.82,-11.72
155,4595.8,0.2000,-56.80,-11.91
156,4641.5,0.2000,-56.58,-12.06
157,4687.7,0.2000,-56.48,-12.11
158,4734.4,0.2000,-56.17,-12.35
159,4781.5,0.2000,-55.97,-12.28
160,4829.1,0.2000,-55.87,-12.28
161,4877.1,0.2000,-55.73,-13.38
162,4925.7,0.2000,-55.51,-13.12
163,4974.7,0.2000,-55.34,-12.92
164,5024.2,0.2000,-55.14,-12.95
165,5074.2,0.2000,-55.09,-13.38
166,5124.7,0.2000,-54.82,-13.53
167,5175.7,0.2000,-54.65,-13.31
168,5227.2,0.2000,-54.48,-13.78
169,5279.3,0.2000,-54.36,-14.50
170,5331.8,0.2000,-54.20,-13.55
171,5384.9,0.2000,-54.01,-14.06
172,5438.5,0.2000,-53.84,-14.73
173,5492.6,0.2000,-53.61,-14.22
174,5547.3,0.2000,-53.43,-14.76
175,5602.5,0.2000,-53.31,-14.45
176,5658.2,0.2000,-53.15,-14.73
177,5714.5,0.2000,-52.91,-15.23
178,5771.4,0.2000,-52.77,-14.98
179,5828.9,0.2000,-52.58,-15.39
180,5886.9,0.2000,-52.46,-15.69
181,5945.5,0.2000,-52.25,-15.88
182,6004.6,0.2000,-52.09,-16.05
183,6064.4,0.2000,-51.92,-16.15
184,6124.8,0.2000,-51.77,-16.23
185,6185.7,0.2000,-51.60,-16.26
186,6247.3,0.2000,-51.47,-16.43
187,6309.5,0.2000,-51.24,-16.46
188,6372.2,0.2000,-51.11,-17.00
189,6435.7,0.2000,-50.97,-16.89
190,6499.7,0.2000,-50.78,-17.15
191,6564.4,0.2000,-50.54,-17.09
192,6629.7,0.2000,-50.39,-17.48
193,6695.7,0.2000,-50.24,-17.53
194,6762.4,0.2000,-50.06,-17.72
195,6829.7,0.2000,-49.88,-17.86
196,6897.6,0.2000,-49.71,-18.16
197,6966.3,0.2000,-49.55,-18.19
198,7035.6,0.2000,-49.39,-18.43
199,7105.7,0.2000,-49.25,-18.66
200,7176.4,0.2000,-49.06,-18.68
201,7247.8,0.2000,-48.93,-19.02
202,7319.9,0.2000,-48.76,-18.96
203,7392.8,0.2000,-48.54,-19.39
204,7466.4,0.2000,-48.40,-19.47
205,7540.7,0.2000,-48.24,-19.79
206,7615.7,0.2000,-48.04,-19.94
207,7691.5,0.2000,-47.85,-20.05
208,7768.1,0.2000,-47.74,-20.20
209,7845.4,0.2000,-47.58,-20.48
210,7923.5,0.2000,-47.40,-20.56
211,8002.3,0.2000,-47.23,-20.60
212,8082.0,0.2000,-47.06,-20.87
213,8162.4,0.2000,-46.86,-21.14
214,8243.6,0.2000,-46.77,-21.28
215,8325.7,0.2000,-46.57,-21.67
216,8408.6,0.2000,-46.44,-21.86
217,8492.2,0.2000,-46.24,-22.01
218,8576.8,0.2000,-46.08,-22.24
219,8662.1,0.2000,-45.93,-22.44
220,8748.3,0.2000,-45.76,-22.63
221,8835.4,0.2000,-45.59,-22.79
222,8923.3,0.2000,-45.43,-22.90
223,9012.2,0.2000,-45.26,-23.09
224,9101.9,0.2000,-45.11,-23.40
225,9192.4,0.2000,-44.96,-23.59
226,9283.9,0.2000,-44.78,-23.80
227,9376.3,0.2000,-44.62,-23.94
228,9469.6,0.2000,-44.46,-24.34
229,9563.9,0.2000,-44.30,-24.47
230,9659.1,0.2000,-44.12,-24.74
231,9755.2,0.2000,-43.97,-24.91
232,9852.3,0.2000,-43.81,-25.05
233,9950.4,0.2000,-43.63,-25.29
234,10049.4,0.2000,-43.49,-25.61
235,10149.4,0.2000,-43.35,-25.83
236,10250.4,0.2000,-43.16,-26.04
237,10352.4,0.2000,-43.01,-26.25
238,10455.5,0.2000,-42.86,-26.53
239,10559.5,0.2000,-42.69,-26.74
240,10664.6,0.2000,-42.54,-26.98
241,10770.8,0.2000,-42.39,-27.22
242,10878.0,0.2000,-42.23,-27.44
243,10986.2,0.2000,-42.07,-27.70
244,11095.6,0.2000,-41.93,-27.87
245,11206.0,0.2000,-41.77,-28.19
246,11317.5,0.2000,-41.61,-28.43
247,11430.2,0.2000,-41.45,-28.60
248,11543.9,0.2000,-41.29,-28.94
249,11658.8,0.2000,-41.14,-29.18
250,11774.9,0.2000,-40.99,-29.41
251,11892.1,0.2000,-40.82,-29.64
252,12010.4,0.2000,-40.67,-29.82
253,12130.0,0.2000,-40.51,-30.22
254,12250.7,0.2000,-40.37,-30.44
255,12372.6,0.2000,-40.20,-30.72
256,12495.8,0.2000,-40.06,-30.91
257,12620.1,0.2000,-39.90,-31.17
258,12745.7,0.2000,-39.75,-31.34
259,12872.6,0.2000,-39.60,-31.71
260,13000.7,0.2000,-39.45,-31.98
261,13130.1,0.2000,-39.31,-32.17
262,13260.8,0.2000,-39.15,-32.42
263,13392.8,0.2000,-38.99,-32.74
264,13526.0,0.2000,-38.85,-32.95
265,13660.7,0.2000,-38.69,-33.30
266,13796.6,0.2000,-38.54,-33.54
267,13933.9,0.2000,-38.41,-33.87
268,14072.6,0.2000,-38.26,-34.10
269,14212.7,0.2000,-38.12,-34.37
270,14354.1,0.2000,-37.95,-34.64
271,14497.0,0.2000,-37.80,-34.86
272,14641.3,0.2000,-37.66,-35.20
273,14787.0,0.2000,-37.51,-35.44
274,14934.2,0.2000,-37.36,-35.77
275,15082.8,0.2000,-37.21,-36.01
276,15232.9,0.2000,-37.07,-36.36
277,15384.5,0.2000,-36.94,-36.53
278,15537.6,0.2000,-36.79,-36.87
279,15692.3,0.2000,-36.64,-37.16
280,15848.5,0.2000,-36.49,-37.47
281,16006.2,0.2000,-36.34,-37.69
282,16165.5,0.2000,-36.21,-38.02
283,16326.4,0.2000,-36.06,-38.31
284,16488.9,0.2000,-35.91,-38.59
285,16653.0,0.2000,-35.75,-38.88
286,16818.7,0.2000,-35.64,-39.10
287,16986.1,0.2000,-35.47,-39.47
288,17155.2,0.2000,-35.33,-39.75
289,17325.9,0.2000,-35.20,-40.01
290,17498.4,0.2000,-35.05,-40.31
291,17672.5,0.2000,-34.91,-40.54
292,17848.4,0.2000,-34.77,-40.89
293,18026.1,0.2000,-34.64,-41.19
294,18205.5,0.2000,-34.48,-41.45
295,18386.7,0.2000,-34.35,-41.80
296,18569.7,0.2000,-34.20,-42.09
297,18754.5,0.2000,-34.07,-42.36
298,18941.1,0.2000,-33.92,-42.62
299,19129.6,0.2000,-33.81,-42.95
300,19320.0,0.2000,-33.66,-43.24
301,19512.3,0.2000,-33.52,-43.53
302,19706.5,0.2000,-33.38,-43.87
303,19902.7,0.2000,-33.24,-44.14
304,20100.7,0.2000,-33.10,-44.44
305,20300.8,0.2000,-32.98,-44.73
306,20502.8,0.2000,-32.84,-45.01
307,20706.9,0.2000,-32.64,-45.30
308,20913.0,0.2000,-32.51,-45.60
309,21121.1,0.2000,-32.38,-45.93
310,21331.3,0.2000,-32.25,-46.23
311,21543.7,0.2000,-32.11,-46.56
312,21758.1,0.2000,-31.98,-46.80
313,21974.6,0.2000,-31.84,-47.13
314,22193.3,0.2000,-31.70,-47.39
315,22414.2,0.2000,-31.57,-47.70
316,22637.3,0.2000,-31.43,-48.00
317,22862.6,0.2000,-31.32,-48.33
318,23090.1,0.2000,-31.17,-48.64
319,23319.9,0.2000,-31.04,-48.97
320,23552.0,0.2000,-30.91,-49.21
321,23786.4,0.2000,-30.78,-49.50
322,24023.2,0.2000,-30.65,-49.84
323,24262.3,0.2000,-30.51,-50.12
324,24503.8,0.2000,-30.38,-50.42
325,24747.6,0.2000,-30.24,-50.72
326,24993.9,0.2000,-30.11,-51.04
327,25242.7,0.2000,-29.98,-51.31
328,25493.9,0.2000,-29.86,-51.62
329,25747.7,0.2000,-29.72,-51.96
330,26003.9,0.2000,-29.61,-52.25
331,26262.7,0.2000,-29.46,-52.55
332,26524.1,0.2000,-29.34,-52.82
333,26788.1,0.2000,-29.20,-53.16
334,27054.7,0.2000,-29.08,-53.45
335,27324.0,0.2000,-28.95,-53.75
336,27595.9,0.2000,-28.82,-54.02
337,27870.6,0.2000,-28.69,-54.31
338,28148.0,0.2000,-28.58,-54.59
339,28428.1,0.2000,-28.43,-54.94
340,28711.1,0.2000,-28.31,-55.18
341,28996.8,0.2000,-28.19,-55.47
342,29285.4,0.2000,-28.06,-55.80
343,29576.9,0.2000,-27.93,-56.08
344,29871.2,0.2000,-27.79,-56.45
345,30168.5,0.2000,-27.67,-56.66
346,30468.8,0.2000,-27.54,-56.95
347,30772.0,0.2000,-27.41,-57.27
348,31078.3,0.2000,-27.28,-57.57
349,31387.6,0.2000,-27.17,-57.82
350,31700.0,0.2000,-27.01,-58.22
351,32015.5,0.2000,-26.88,-58.55
352,32334.2,0.2000,-26.76,-58.85
353,32656.0,0.2000,-26.63,-59.08
354,32981.0,0.2000,-26.50,-59.36
355,33309.2,0.2000,-26.37,-59.68
356,33640.7,0.2000,-26.23,-59.93
357,33975.6,0.2000,-26.13,-60.19
358,34313.7,0.2000,-25.99,-60.49
359,34655.2,0.2000,-25.85,-60.77
360,35000.1,0.2000,-25.73,-61.06
361,35348.5,0.2000,-25.62,-61.34
362,35700.3,0.2000,-25.48,-61.63
363,36055.6,0.2000,-25.36,-61.92
364,36414.5,0.2000,-25.23,-62.20
365,36776.9,0.2000,-25.10,-62.43
366,37142.9,0.2000,-24.96,-62.78
367,37512.6,0.2000,-24.85,-63.06
368,37885.9,0.2000,-24.73,-63.34
369,38263.0,0.2000,-24.59,-63.62
370,38643.8,0.2000,-24.46,-63.93
371,39028.4,0.2000,-24.33,-64.21
372,39416.9,0.2000,-24.21,-64.43
373,39809.2,0.2000,-24.08,-64.73
374,40205.4,0.2000,-23.94,-65.07
375,40605.5,0.2000,-23.83,-65.34
376,41009.7,0.2000,-23.69,-65.53
377,41417.8,0.2000,-23.54,-65.82
378,41830.0,0.2000,-23.41,-66.05
379,42246.4,0.2000,-23.28,-66.33
380,42666.8,0.2000,-23.16,-66.62
381,43091.5,0.2000,-23.02,-66.81
382,43520.4,0.2000,-22.89,-67.13
383,43953.5,0.2000,-22.76,-67.46
384,44391.0,0.2000,-22.63,-67.71
385,44832.8,0.2000,-22.50,-68.00
386,45279.0,0.2000,-22.36,-68.22
387,45729.6,0.2000,-22.23,-68.50
388,46184.8,0.2000,-22.10,-68.78
389,46644.4,0.2000,-21.97,-69.02
390,47108.7,0.2000,-21.83,-69.30
391,47577.5,0.2000,-21.70,-69.61
392,48051.0,0.2000,-21.55,-69.84
393,48529.3,0.2000,-21.41,-70.07
394,49012.3,0.2000,-21.29,-70.34
395,49500.1,0.2000,-21.13,-70.66
396,49992.7,0.2000,-20.99,-70.86
397,50490.3,0.2000,-20.87,-71.12
398,50992.8,0.2000,-20.72,-71.41
399,51500.3,0.2000,-20.58,-71.65
400,52012.9,0.2000,-20.44,-71.90
401,52530.6,0.2000,-20.28,-72.15
402,53053.4,0.2000,-20.16,-72.47
403,53581.4,0.2000,-20.01,-72.68
404,54114.7,0.2000,-19.85,-72.95
405,54653.3,0.2000,-19.71,-73.20
406,55197.2,0.2000,-19.56,-73.54
407,55746.6,0.2000,-19.43,-73.77
408,56301.4,0.2000,-19.26,-74.06
409,56861.8,0.2000,-19.11,-74.27
410,57427.7,0.2000,-18.95,-74.57
411,57999.2,0.2000,-18.80,-74.78
412,58576.5,0.2000,-18.66,-75.05
413,59159.5,0.2000,-18.50,-75.34
414,59748.3,0.2000,-18.33,-75.54
415,60342.9,0.2000,-18.16,-75.84
416,60943.5,0.2000,-18.00,-76.25
417,61550.1,0.2000,-17.83,-76.48
418,62162.6,0.2000,-17.68,-76.75
419,62781.3,0.2000,-17.48,-77.12
420,63406.2,0.2000,-17.34,-77.34
421,64037.2,0.2000,-17.16,-77.61
422,64674.6,0.2000,-16.98,-77.87
423,65318.3,0.2000,-16.81,-78.20
424,65968.4,0.2000,-16.65,-78.42
425,66624.9,0.2000,-16.44,-78.83
426,67288.0,0.2000,-16.27,-79.04
427,67957.7,0.2000,-16.09,-79.38
428,68634.1,0.2000,-15.91,-79.53
429,69317.2,0.2000,-15.71,-79.93
430,70007.1,0.2000,-15.52,-80.20
431,70703.8,0.2000,-15.31,-80.61
432,71407.5,0.2000,-15.12,-80.87
433,72118.2,0.2000,-14.92,-81.15
434,72836.0,0.2000,-14.72,-81.39
435,73560.9,0.2000,-14.49,-81.90
436,74293.0,0.2000,-14.30,-82.24
437,75032.4,0.2000,-14.04,-82.49
438,75779.2,0.2000,-13.85,-82.88
439,76533.4,0.2000,-13.62,-83.27
440,77295.1,0.2000,-13.37,-83.63
441,78064.4,0.2000,-13.13,-84.03
442,78841.4,0.2000,-12.88,-84.37
443,79626.1,0.2000,-12.65,-84.71
444,80418.6,0.2000,-12.37,-85.28
445,81218.9,0.2000,-12.10,-85.69
446,82027.3,0.2000,-11.83,-86.16
447,82843.7,0.2000,-11.55,-86.49
448,83668.2,0.2000,-11.28,-87.12
449,84500.9,0.2000,-10.99,-87.56
450,85341.9,0.2000,-10.69,-88.20
451,86191.3,0.2000,-10.39,-88.62
452,87049.1,0.2000,-10.08,-89.27
453,87915.5,0.2000,-9.71,-89.71
454,88790.5,0.2000,-9.39,-90.45
455,89674.2,0.2000,-9.04,-91.17
456,90566.7,0.2000,-8.65,-91.93
457,91468.1,0.2000,-8.32,-92.64
458,92378.5,0.2000,-7.91,-93.43
459,93297.9,0.2000,-7.50,-94.56
460,94226.4,0.2000,-7.08,-95.27
461,95164.2,0.2000,-6.64,-96.43
462,96111.4,0.2000,-6.19,-97.62
463,97068.0,0.2000,-5.72,-98.95
464,98034.0,0.2000,-5.23,-100.33
465,99009.7,0.2000,-4.68,-101.88
466,99995.2,0.2000,-4.11,-103.66
467,100990.4,0.2000,-3.57,-105.47
468,101995.5,0.2000,-2.96,-107.65
469,103010.6,0.2000,-2.31,-110.38
470,104035.9,0.2000,-1.62,-113.22
471,105071.3,0.2000,-0.93,-116.78
472,106117.0,0.2000,-0.18,-121.02
473,107173.2,0.2000,0.51,-125.42
474,108239.9,0.2000,1.27,-130.79
475,109317.1,0.2000,1.95,-137.48
476,110405.1,0.2000,2.47,-145.45
477,111504.0,0.2000,3.08,-153.88
478,112613.7,0.2000,3.37,-162.70
479,113734.5,0.2000,3.45,187.46
480,114866.5,0.2000,3.34,178.03
481,116009.7,0.2000,2.86,168.74
482,117164.3,0.2000,2.27,160.51
483,118330.4,0.2000,1.69,154.00
484,119508.1,0.2000,0.94,147.85
485,120697.6,0.2000,0.23,142.84
486,121898.8,0.2000,-0.53,138.60
487,123112.1,0.2000,-1.21,134.79
488,124337.4,0.2000,-1.89,131.52
489,125574.8,0.2000,-2.55,128.78
490,126824.6,0.2000,-3.14,126.51
491,128086.9,0.2000,-3.77,124.54
492,129361.7,0.2000,-4.32,122.64
493,130649.2,0.2000,-4.88,121.02
494,131949.5,0.2000,-5.38,119.68
495,133262.8,0.2000,-5.84,118.18
496,134589.1,0.2000,-6.33,117.03
497,135928.6,0.2000,-6.77,115.97
498,137281.5,0.2000,-7.20,115.03
499,138647.8,0.2000,-7.60,114.08
500,140027.7,0.2000,-8.00,113.38
501,141421.4,0.2000,-8.36,112.51
502,142828.9,0.2000,-8.72,111.74
503,144250.4,0.2000,-9.05,111.08
504,145686.1,0.2000,-9.40,110.51
505,147136.1,0.2000,-9.74,109.91
506,148600.5,0.2000,-10.03,109.36
507,150079.4,0.2000,-10.35,108.73
508,151573.1,0.2000,-10.65,108.35
509,153081.7,0.2000,-10.92,108.03
510,154605.3,0.2000,-11.22,107.53
511,156144.0,0.2000,-11.46,107.12
512,157698.1,0.2000,-11.73,106.78
513,159267.6,0.2000,-11.99,106.38
514,160852.7,0.2000,-12.26,106.00
515,162453.6,0.2000,-12.53,105.61
516,164070.5,0.2000,-12.79,105.35
517,165703.4,0.2000,-13.01,105.03
518,167352.6,0.2000,-13.24,104.72
519,169018.2,0.2000,-13.46,104.33
520,170700.4,0.2000,-13.67,104.08
521,172399.3,0.2000,-13.89,103.75
522,174115.2,0.2000,-14.09,103.54
523,175848.1,0.2000,-14.29,103.21
524,177598.3,0.2000,-14.51,102.95
525,179365.8,0.2000,-14.69,102.68
526,181151.0,0.2000,-14.90,102.44
527,182953.9,0.2000,-15.09,102.27
528,184774.8,0.2000,-15.27,102.14
529,186613.8,0.2000,-15.48,101.86
530,188471.1,0.2000,-15.63,101.74
531,190346.9,0.2000,-15.82,101.52
532,192241.4,0.2000,-15.99,101.28
533,194154.7,0.2000,-16.19,101.18
534,196087.1,0.2000,-16.35,101.00
535,198038.7,0.2000,-16.52,100.81
536,200009.7,0.2000,-16.68,100.57
537,202000.3,0.2000,-16.84,100.45
538,204010.8,0.2000,-17.00,100.26
539,206041.2,0.2000,-17.17,100.05
540,208091.9,0.2000,-17.32,99.94
541,210163.0,0.2000,-17.48,99.76
542,212254.7,0.2000,-17.64,99.58
543,214367.2,0.2000,-17.79,99.35
544,216500.7,0.2000,-17.94,99.31
545,218655.5,0.2000,-18.09,99.24
546,220831.7,0.2000,-18.23,99.04
547,223029.5,0.2000,-18.37,98.99
548,225249.3,0.2000,-18.53,98.74
549,227491.1,0.2000,-18.67,98.66
550,229755.3,0.2000,-18.80,98.48
551,232041.9,0.2000,-18.94,98.34
552,234351.4,0.2000,-19.07,98.11
553,236683.8,0.2000,-19.22,98.05
554,239039.5,0.2000,-19.34,97.86
555,241418.5,0.2000,-19.47,97.75
556,243821.3,0.2000,-19.61,97.68
557,246248.0,0.2000,-19.73,97.46
558,248698.8,0.2000,-19.88,97.40
559,251174.0,0.2000,-20.00,97.32
560,253673.9,0.2000,-20.12,97.22
561,256198.6,0.2000,-20.24,97.10
562,258748.5,0.2000,-20.39,97.05
563,261323.7,0.2000,-20.51,96.90
564,263924.6,0.2000,-20.64,96.86
565,266551.4,0.2000,-20.74,96.80
566,269204.3,0.2000,-20.86,96.60
567,271883.6,0.2000,-20.99,96.51
568,274589.6,0.2000,-21.12,96.46
569,277322.5,0.2000,-21.23,96.29
570,280082.6,0.2000,-21.35,96.19
571,282870.1,0.2000,-21.51,96.00
572,285685.5,0.2000,-21.64,95.85
573,288528.8,0.2000,-21.75,95.79
574,291400.4,0.2000,-21.86,95.71
575,294300.6,0.2000,-21.99,95.60
576,297229.7,0.2000,-22.09,95.50
577,300188.0,0.2000,-22.19,95.44
578,303175.6,0.2000,-22.32,95.16
579,306193.1,0.2000,-22.43,95.17
580,309240.5,0.2000,-22.53,95.13
581,312318.3,0.2000,-22.65,95.03
582,315426.7,0.2000,-22.77,94.87
583,318566.0,0.2000,-22.87,94.88
584,321736.6,0.2000,-22.98,94.77
585,324938.8,0.2000,-23.09,94.64
586,328172.8,0.2000,-23.19,94.60
587,331439.0,0.2000,-23.32,92.09
588,334737.7,0.2000,-23.42,94.54
589,338069.2,0.2000,-23.53,94.35
590,341433.9,0.2000,-23.62,94.16
591,344832.1,0.2000,-23.72,94.10
592,348264.1,0.2000,-23.85,94.08
593,351730.3,0.2000,-23.96,94.02
594,355230.9,0.2000,-24.05,93.84
595,358766.4,0.2000,-24.17,93.79
596,362337.1,0.2000,-24.25,93.57
597,365943.4,0.2000,-24.39,93.63
598,369585.5,0.2000,-24.46,93.52
599,373263.9,0.2000,-24.58,93.41
600,376978.8,0.2000,-24.67,93.38
601,380730.8,0.2000,-24.77,93.30
602,384520.1,0.2000,-24.89,93.22
603,388347.1,0.2000,-24.99,93.16
604,392212.2,0.2000,-25.08,93.10
605,396115.8,0.2000,-25.19,93.10
606,400058.2,0.2000,-25.28,92.87
607,404039.8,0.2000,-25.38,92.65
608,408061.1,0.2000,-25.47,92.76
609,412122.4,0.2000,-25.59,92.61
610,416224.1,0.2000,-25.69,92.46
611,420366.7,0.2000,-25.78,92.40
612,424550.5,0.2000,-25.89,92.48
613,428775.9,0.2000,-25.98,92.25
614,433043.4,0.2000,-26.07,92.20
615,437353.3,0.2000,-26.17,92.13
616,441706.2,0.2000,-26.26,91.97
617,446102.3,0.2000,-26.36,91.90
618,450542.2,0.2000,-26.47,91.86
619,455026.3,0.2000,-26.56,91.96
620,459555.1,0.2000,-26.65,91.87
621,464128.9,0.2000,-26.74,91.73
622,468748.2,0.2000,-26.85,91.50
623,473413.5,0.2000,-26.93,91.43
624,478125.3,0.2000,-27.02,91.45
625,482883.9,0.2000,-27.12,91.19
626,487689.9,0.2000,-27.23,91.25
627,492543.7,0.2000,-27.32,91.10
628,497445.8,0.2000,-27.40,91.16
629,502396.8,0.2000,-27.50,91.11
630,507397.0,0.2000,-27.60,91.02
631,512446.9,0.2000,-27.70,90.83
632,517547.2,0.2000,-27.80,90.89
633,522698.1,0.2000,-27.90,90.72
634,527900.4,0.2000,-27.98,90.75
635,533154.4,0.2000,-28.08,90.60
636,538460.7,0.2000,-28.16,90.88
637,543819.9,0.2000,-28.26,90.55
638,549232.3,0.2000,-28.37,90.62
639,554698.7,0.2000,-28.45,90.57
640,560219.4,0.2000,-28.54,90.18
641,565795.1,0.2000,-28.62,90.25
642,571426.3,0.2000,-28.72,90.28
643,577113.5,0.2000,-28.82,90.12
644,582857.4,0.2000,-28.93,89.91
645,588658.4,0.2000,-29.00,90.18
646,594517.1,0.2000,-29.10,89.76
647,600434.1,0.2000,-29.21,89.78
648,606410.1,0.2000,-29.31,89.95
649,612445.5,0.2000,-29.39,89.66
650,618541.0,0.2000,-29.47,89.73
651,624697.1,0.2000,-29.57,89.72
652,630914.5,0.2000,-29.67,89.43
653,637193.8,0.2000,-29.74,89.31
654,643535.6,0.2000,-29.84,89.34
655,649940.5,0.2000,-29.89,89.20
656,656409.2,0.2000,-30.02,89.27
657,662942.2,0.2000,-30.12,89.10
658,669540.3,0.2000,-30.19,88.99
659,676204.0,0.2000,-30.30,89.26
660,682934.1,0.2000,-30.38,89.14
661,689731.1,0.2000,-30.47,89.13
662,696595.8,0.2000,-30.56,88.85
663,703528.8,0.2000,-30.62,88.88
664,710530.8,0.2000,-30.74,88.62
665,717602.5,0.2000,-30.84,88.57
666,724744.5,0.2000,-30.91,88.64
667,731957.7,0.2000,-31.00,88.41
668,739242.6,0.2000,-31.12,88.36
669,746600.1,0.2000,-31.20,88.43
670,754030.8,0.2000,-31.28,88.55
671,761535.4,0.2000,-31.36,88.28
672,769114.7,0.2000,-31.47,88.15
673,776769.5,0.2000,-31.55,88.00
674,784500.4,0.2000,-31.64,87.95
675,792308.3,0.2000,-31.70,88.19
676,800193.9,0.2000,-31.83,87.98
677,808158.0,0.2000,-31.88,87.96
678,816201.3,0.2000,-31.99,87.96
679,824324.7,0.2000,-32.08,87.84
680,832529.0,0.2000,-32.15,88.06
681,840814.9,0.2000,-32.26,87.94
682,849183.3,0.2000,-32.34,87.66
683,857634.9,0.2000,-32.42,87.49
684,866170.7,0.2000,-32.52,87.33
685,874791.4,0.2000,-32.62,87.55
686,883498.0,0.2000,-32.73,87.11
687,892291.1,0.2000,-32.81,87.20
688,901171.8,0.2000,-32.89,87.19
689,910140.9,0.2000,-32.99,86.95
690,919199.3,0.2000,-33.05,86.93
691,928347.8,0.2000,-33.17,87.31
692,937587.3,0.2000,-33.25,86.93
693,946918.8,0.2000,-33.34,87.44
694,956343.2,0.2000,-33.41,86.64
695,965861.4,0.2000,-33.52,86.86
696,975474.3,0.2000,-33.61,86.40
697,985182.9,0.2000,-33.70,86.51
698,994988.1,0.2000,-33.78,86.76
699,1004891.0,0.2000,-33.87,86.27
700,1014892.3,0.2000,-33.93,86.17
701,1024993.2,0.2000,-34.05,86.50
702,1035194.7,0.2000,-34.14,86.11
703,1045497.6,0.2000,-34.23,86.33
704,1055903.2,0.2000,-34.29,86.19
705,1066412.2,0.2000,-34.40,85.96
706,1077025.9,0.2000,-34.48,85.70
707,1087745.2,0.2000,-34.59,85.79
708,1098571.2,0.2000,-34.69,85.86
709,1109504.9,0.2000,-34.72,85.41
710,1120547.5,0.2000,-34.84,85.68
711,1131700.0,0.2000,-34.93,85.76
712,1142963.4,0.2000,-35.00,85.48
713,1154339.0,0.2000,-35.12,85.74
714,1165827.7,0.2000,-35.19,85.05
715,1177430.9,0.2000,-35.26,85.54
716,1189149.5,0.2000,-35.36,85.23
717,1200984.7,0.2000,-35.45,84.74
718,1212937.7,0.2000,-35.55,84.80
719,1225009.7,0.2000,-35.62,85.03
720,1237201.9,0.2000,-35.71,85.08
721,1249515.4,0.2000,-35.87,84.64
722,1261951.4,0.2000,-35.89,84.43
723,1274511.2,0.2000,-35.97,84.23
724,1287196.0,0.2000,-36.07,84.32
725,1300007.1,0.2000,-36.18,84.23
726,1312945.6,0.2000,-36.24,84.52
727,1326013.0,0.2000,-36.33,83.85
728,1339210.4,0.2000,-36.45,84.07
729,1352539.1,0.2000,-36.55,84.41
730,1366000.5,0.2000,-36.65,84.11
731,1379595.9,0.2000,-36.73,84.15
732,1393326.6,0.2000,-36.83,83.38
733,1407193.9,0.2000,-36.92,83.82
734,1421199.3,0.2000,-37.01,83.75
735,1435344.1,0.2000,-37.11,83.46
736,1449629.6,0.2000,-37.15,83.65
737,1464057.3,0.2000,-37.26,83.36
738,1478628.6,0.2000,-37.34,82.90
739,1493344.9,0.2000,-37.42,83.92
740,1508207.7,0.2000,-37.53,82.91
741,1523218.5,0.2000,-37.62,82.83
742,1538378.6,0.2000,-37.72,83.18
743,1553689.6,0.2000,-37.76,83.19
744,1569153.0,0.2000,-37.89,82.77
745,1584770.3,0.2000,-37.96,82.57
746,1600543.0,0.2000,-38.01,82.41
747,1616472.7,0.2000,-38.16,82.77
748,1632561.0,0.2000,-38.21,82.28
749,1648809.3,0.2000,-38.35,82.04
750,1665219.4,0.2000,-38.41,82.70
751,1681792.8,0.2000,-38.52,82.53
752,1698531.2,0.2000,-38.59,82.69
753,1715436.1,0.2000,-38.69,81.81
754,1732509.3,0.2000,-38.75,81.48
755,1749752.5,0.2000,-38.78,81.61
756,1767167.2,0.2000,-38.98,81.47
757,1784755.3,0.2000,-39.04,81.22
758,1802518.4,0.2000,-39.08,81.18
759,1820458.3,0.2000,-39.17,82.06
760,1838576.8,0.2000,-39.27,81.18
761,1856875.5,0.2000,-39.43,81.65
762,1875356.5,0.2000,-39.41,80.93
763,1894021.3,0.2000,-39.54,80.71
764,1912871.9,0.2000,-39.57,80.51
765,1931910.1,0.2000,-39.72,81.32
766,1951137.8,0.2000,-39.79,81.07
767,1970556.9,0.2000,-39.91,80.33
768,1990169.2,0.2000,-40.03,80.34
769,2009976.8,0.2000,-40.13,80.31
770,2029981.4,0.2000,-40.16,79.84
771,2050185.2,0.2000,-40.26,79.77
772,2070590.1,0.2000,-40.33,81.10
773,2091198.0,0.2000,-40.39,79.49
774,2112011.1,0.2000,-40.51,80.29
775,2133031.2,0.2000,-40.62,79.64
776,2154260.6,0.2000,-40.66,80.17
777,2175701.3,0.2000,-40.81,80.27
778,2197355.4,0.2000,-40.89,79.29
779,2219225.0,0.2000,-40.91,80.04
780,2241312.3,0.2000,-41.08,80.02
781,2263619.3,0.2000,-41.16,79.14
782,2286148.4,0.2000,-41.25,79.37
783,2308901.8,0.2000,-41.31,78.16
784,2331881.6,0.2000,-41.37,78.48
785,2355090.0,0.2000,-41.45,78.84
786,2378529.5,0.2000,-41.56,78.13
787,2402202.3,0.2000,-41.64,78.21
788,2426110.7,0.2000,-41.81,78.61
789,2450257.0,0.2000,-41.83,78.16
790,2474643.6,0.2000,-41.93,78.82
791,2499273.0,0.2000,-42.06,78.43
792,2524147.5,0.2000,-42.12,79.19
793,2549269.5,0.2000,-42.07,77.98
794,2574641.6,0.2000,-42.27,76.63
795,2600266.2,0.2000,-42.36,77.22
796,2626145.9,0.2000,-42.48,77.66
797,2652283.1,0.2000,-42.48,76.31
798,2678680.4,0.2000,-42.64,77.16
799,2705340.5,0.2000,-42.85,76.52
800,2732265.9,0.2000,-42.79,77.38
801,2759459.3,0.2000,-42.97,77.36
802,2786923.4,0.2000,-42.96,77.44
803,2814660.7,0.2000,-42.96,77.03
804,2842674.2,0.2000,-43.13,77.79
805,2870966.4,0.2000,-43.36,76.11
806,2899540.3,0.2000,-43.39,75.25
807,2928398.5,0.2000,-43.47,76.07
808,2957543.9,0.2000,-43.35,76.97
809,2986979.5,0.2000,-43.79,75.06
810,3016707.9,0.2000,-43.69,76.69
811,3046732.3,0.2000,-43.96,74.96
812,3077055.5,0.2000,-43.92,74.95
813,3107680.5,0.2000,-44.03,75.10
814,3138610.2,0.2000,-44.07,74.65
815,3169847.8,0.2000,-44.18,75.04
816,3201396.4,0.2000,-44.28,75.46
817,3233258.9,0.2000,-44.23,74.11
818,3265438.5,0.2000,-44.33,74.95
819,3297938.4,0.2000,-44.57,73.82
820,3330761.7,0.2000,-44.75,74.39
821,3363911.8,0.2000,-44.63,74.34
822,3397391.7,0.2000,-44.78,74.23
823,3431204.9,0.2000,-44.83,73.88
824,3465354.6,0.2000,-45.20,74.90
825,3499844.2,0.2000,-45.01,72.95
826,3534677.1,0.2000,-45.29,73.02
827,3569856.6,0.2000,-45.41,73.71
828,3605386.3,0.2000,-45.49,73.12
829,3641269.6,0.2000,-45.26,74.76
830,3677510.0,0.2000,-45.74,72.66
831,3714111.1,0.2000,-45.74,75.33
832,3751076.5,0.2000,-45.79,72.25
833,3788409.8,0.2000,-45.86,73.50
834,3826114.7,0.2000,-45.91,73.59
835,3864194.8,0.2000,-46.06,73.73
836,3902654.0,0.2000,-46.11,75.43
837,3941495.9,0.2000,-46.39,74.61
838,3980724.4,0.2000,-46.30,74.60
839,4020343.3,0.2000,-46.23,71.36
840,4060356.5,0.2000,-46.54,72.14
841,4100768.0,0.2000,-46.35,72.58
842,4141581.6,0.2000,-46.56,72.87
843,4182801.5,0.2000,-46.65,72.68
844,4224431.6,0.2000,-46.67,70.94
845,4266476.1,0.2000,-46.72,72.64
846,4308939.0,0.2000,-46.98,72.09
847,4351824.5,0.2000,-47.17,74.01
848,4395136.9,0.2000,-47.11,71.77
849,4438880.3,0.2000,-47.23,70.63
850,4483059.1,0.2000,-47.28,71.68
851,4527677.6,0.2000,-47.45,71.37
852,4572740.2,0.2000,-47.55,71.90
853,4618251.2,0.2000,-47.63,71.14
854,4664215.3,0.2000,-47.52,70.65
855,4710636.8,0.2000,-47.92,69.91
856,4757520.3,0.2000,-47.86,71.40
857,4804870.4,0.2000,-47.81,70.61
858,4852691.8,0.2000,-48.23,73.05
859,4900989.1,0.2000,-48.31,71.58
860,4949767.1,0.2000,-48.26,70.27
861,4999030.6,0.2000,-48.34,70.17
862,5048784.4,0.2000,-48.63,69.55
863,5099033.4,0.2000,-48.53,72.49
864,5149782.5,0.2000,-48.76,71.43
865,5201036.7,0.2000,-48.57,72.60
866,5252801.0,0.2000,-48.49,70.47
867,5305080.5,0.2000,-48.77,69.70
868,5357880.3,0.2000,-48.99,71.01
869,5411205.6,0.2000,-49.35,71.37
870,5465061.7,0.2000,-48.85,71.72
871,5519453.7,0.2000,-49.12,71.04
872,5574387.1,0.2000,-49.10,70.75
873,5629867.3,0.2000,-49.35,71.61
874,5685899.6,0.2000,-49.60,72.32
875,5742489.6,0.2000,-49.63,71.87
876,5799642.8,0.2000,-49.86,73.17
877,5857364.8,0.2000,-49.44,69.82
878,5915661.4,0.2000,-49.75,72.26
879,5974538.1,0.2000,-49.85,69.99
880,6034000.8,0.2000,-50.18,68.73
881,6094055.4,0.2000,-49.69,73.12
882,6154707.6,0.2000,-50.19,70.87
883,6215963.5,0.2000,-49.92,71.07
884,6277829.1,0.2000,-50.28,70.78
885,6340310.3,0.2000,-50.35,73.40
886,6403413.5,0.2000,-50.43,71.56
887,6467144.7,0.2000,-50.40,71.90
888,6531510.2,0.2000,-50.57,74.54
889,6596516.2,0.2000,-50.54,72.21
890,6662169.3,0.2000,-50.33,72.80
891,6728475.8,0.2000,-50.95,70.59
892,6795442.3,0.2000,-50.54,70.29
893,6863075.2,0.2000,-50.71,72.11
894,6931381.2,0.2000,-51.17,74.45
895,7000367.1,0.2000,-51.07,74.39
896,7070039.6,0.2000,-51.09,73.99
897,7140405.5,0.2000,-51.04,72.33
898,7211471.7,0.2000,-51.07,74.08
899,7283245.3,0.2000,-51.31,71.61
900,7355733.2,0.2000,-51.33,73.50
901,7428942.5,0.2000,-51.31,73.65
902,7502880.4,0.2000,-51.46,72.11
903,7577554.3,0.2000,-51.88,73.02
904,7652971.3,0.2000,-51.78,72.25
905,7729139.0,0.2000,-51.28,76.82
906,7806064.7,0.2000,-51.81,76.33
907,7883756.0,0.2000,-51.33,75.29
908,7962220.6,0.2000,-51.91,74.86
909,8041466.1,0.2000,-52.58,74.94
910,8121500.3,0.2000,-51.84,72.51
911,8202331.1,0.2000,-52.28,74.35
912,8283966.3,0.2000,-52.22,78.20
913,8366414.1,0.2000,-52.62,79.18
914,8449682.4,0.2000,-51.50,77.21
915,8533779.5,0.2000,-51.87,77.05
916,8618713.5,0.2000,-52.01,76.45
917,8704492.9,0.2000,-52.11,74.83
918,8791126.0,0.2000,-52.13,77.91
919,8878621.4,0.2000,-52.54,76.16
920,8966987.5,0.2000,-52.04,78.92
921,9056233.2,0.2000,-52.61,77.78
922,9146367.1,0.2000,-52.53,76.06
923,9237398.0,0.2000,-51.88,81.85
924,9329335.0,0.2000,-53.19,79.53
925,9422186.9,0.2000,-52.09,81.64
926,9515963.0,0.2000,-52.78,79.50
927,9610672.5,0.2000,-52.17,79.32
928,9706324.5,0.2000,-51.75,73.45
929,9802928.5,0.2000,-52.50,82.72
930,9900494.0,0.2000,-52.58,83.89
931,9999030.6,0.2000,-51.59,78.72
932,10098547.8,0.2000,-52.69,84.45
933,10199055.5,0.2000,-52.20,75.80
934,10300563.6,0.2000,-52.01,78.17
935,10403081.9,0.2000,-52.00,81.80
936,10506620.5,0.2000,-51.97,83.97
937,10611189.6,0.2000,-52.58,78.52
938,10716799.5,0.2000,-51.76,82.36
939,10823460.5,0.2000,-51.86,85.20
940,10931183.0,0.2000,-51.82,81.11
941,11039977.7,0.2000,-52.26,83.96
942,11149855.2,0.2000,-51.83,79.90
943,11260826.2,0.2000,-52.05,79.77
944,11372901.7,0.2000,-51.37,83.70
945,11486092.7,0.2000,-51.31,85.30
946,11600410.2,0.2000,-51.71,80.29
947,11715865.5,0.2000,-51.70,84.26
948,11832469.8,0.2000,-50.97,82.83
949,11950234.7,0.2000,-51.26,83.34
950,12069171.7,0.2000,-51.41,82.29
951,12189292.4,0.2000,-50.99,80.90
952,12310608.7,0.2000,-51.50,85.73
953,12433132.3,0.2000,-50.76,86.97
954,12556875.4,0.2000,-51.86,82.28
955,12681850.1,0.2000,-50.72,84.51
956,12808068.6,0.2000,-50.51,80.90
957,12935543.4,0.2000,-51.01,82.05
958,13064286.8,0.2000,-50.75,81.37
959,13194311.6,0.2000,-50.64,79.76
960,13325630.5,0.2000,-50.15,78.99
961,13458256.3,0.2000,-49.81,84.64
962,13592202.2,0.2000,-50.15,82.50
963,13727481.1,0.2000,-49.74,83.48
964,13864106.5,0.2000,-50.45,81.96
965,14002091.6,0.2000,-49.15,83.51
966,14141450.1,0.2000,-49.70,76.89
967,14282195.6,0.2000,-49.09,80.13
968,14424341.8,0.2000,-49.01,77.75
969,14567902.8,0.2000,-50.06,78.84
970,14712892.6,0.2000,-48.61,74.11
971,14859325.5,0.2000,-49.29,75.02
972,15007215.7,0.2000,-48.75,74.69
973,15156577.9,0.2000,-49.30,76.34
974,15307426.6,0.2000,-49.36,69.82
975,15459776.7,0.2000,-48.73,68.53
976,15613643.0,0.2000,-48.46,65.24
977,15769040.8,0.2000,-48.60,66.66
978,15925985.1,0.2000,-48.01,60.46
979,16084491.5,0.2000,-47.65,54.85
980,16244575.5,0.2000,-47.65,54.33
981,16406252.7,0.2000,-48.36,53.86
982,16569539.0,0.2000,-46.66,46.69
983,16734450.5,0.2000,-47.75,44.59
984,16901003.3,0.2000,-47.67,33.65
985,17069213.7,0.2000,-47.20,35.17
986,17239098.3,0.2000,-48.45,24.29
987,17410673.7,0.2000,-47.38,10.99
988,17583956.7,0.2000,-48.48,9.86
989,17758964.4,0.2000,-48.23,-3.38
990,17935713.8,0.2000,-48.51,-15.39
991,18114222.4,0.2000,-48.62,-40.69
992,18294507.6,0.2000,-48.80,-44.52
993,18476587.2,0.2000,-48.58,-58.74
994,18660478.9,0.2000,-48.20,-72.91
995,18846200.9,0.2000,-48.18,-92.46
996,19033771.3,0.2000,-47.77,-107.17
997,19223208.5,0.2000,-47.16,-119.04
998,19414531.1,0.2000,-46.64,-130.91
999,19607757.9,0.2000,-46.13,-141.42
1000,19802907.8,0.2000,-45.32,-150.82
1001,20000000.0,0.2000,-44.54,-159.57
